timestamp,status,category,brand,model,url,message
2025-02-13T20:17:44.023068,page_marker,HDD by Brand,Apple Hard Drives,PAGE_PROGRESS:https://m4l.com/apple-hard-disk-drives,https://m4l.com/apple-hard-disk-drives?pg=1&sz=40,
2025-02-13T20:18:15.648116,page_marker,HDD by Brand,Dell Hard Drives,PAGE_PROGRESS:https://m4l.com/dell-hard-disk-drives,https://m4l.com/dell-hard-disk-drives?pg=1&sz=40,
2025-02-13T20:18:47.361373,page_marker,HDD by Brand,EMC Hard Drives,PAGE_PROGRESS:https://m4l.com/emc-hard-disk-drives,https://m4l.com/emc-hard-disk-drives?pg=1&sz=40,
2025-02-13T20:19:09.392096,product_found,HDD by Brand,EMC Hard Drives,https://m4l.com/emc-hard-disk-drives,https://www.m4l.com/emc-storage-accessory-d3-vs07-12000tu,
2025-02-13T20:19:09.393095,product_found,HDD by Brand,EMC Hard Drives,https://m4l.com/emc-hard-disk-drives,https://www.m4l.com,
2025-02-13T20:19:09.393095,product_found,HDD by Brand,EMC Hard Drives,https://m4l.com/emc-hard-disk-drives,https://www.m4l.com/emc-hard-drive-t3-vs07-12000,
2025-02-13T20:19:09.394076,product_found,HDD by Brand,EMC Hard Drives,https://m4l.com/emc-hard-disk-drives,https://www.m4l.com/emc-hard-drive-t4-vs07-12000,
2025-02-13T20:19:09.394076,product_found,HDD by Brand,EMC Hard Drives,https://m4l.com/emc-hard-disk-drives,https://www.m4l.com/emc-hard-drive-d4-vs07-12000u,
2025-02-13T20:19:09.394076,product_found,HDD by Brand,EMC Hard Drives,https://m4l.com/emc-hard-disk-drives,https://www.m4l.com/emc-hard-drive-d4-vs07-12000,
2025-02-13T20:19:09.395075,product_found,HDD by Brand,EMC Hard Drives,https://m4l.com/emc-hard-disk-drives,https://www.m4l.com/emc-storage-accessory-t4-vs07-12000tu,
2025-02-13T20:19:09.395075,product_found,HDD by Brand,EMC Hard Drives,https://m4l.com/emc-hard-disk-drives,https://www.m4l.com/emc-storage-accessory-t3-vs07-12000tu,
2025-02-13T20:19:09.396074,product_found,HDD by Brand,EMC Hard Drives,https://m4l.com/emc-hard-disk-drives,https://www.m4l.com/emc-hard-drive-d4-vs07-12000tu,
2025-02-13T20:19:09.396074,product_found,HDD by Brand,EMC Hard Drives,https://m4l.com/emc-hard-disk-drives,https://www.m4l.com/emc-storage-accessory-t3-vs07-12000u,
2025-02-13T20:19:09.396074,product_found,HDD by Brand,EMC Hard Drives,https://m4l.com/emc-hard-disk-drives,https://www.m4l.com/emc-hard-drive-d3-vs07-12000,
2025-02-13T20:19:09.397085,product_found,HDD by Brand,EMC Hard Drives,https://m4l.com/emc-hard-disk-drives,https://www.m4l.com/emc-storage-accessory-d3-vs07-12000u,
2025-02-13T20:19:09.397085,product_found,HDD by Brand,EMC Hard Drives,https://m4l.com/emc-hard-disk-drives,https://www.m4l.com/emc-hard-drive-capacityhdd8tbh,
2025-02-13T20:19:09.398074,product_found,HDD by Brand,EMC Hard Drives,https://m4l.com/emc-hard-disk-drives,https://www.m4l.com/emc-hard-drive-811-0277,
2025-02-13T20:19:09.398074,product_found,HDD by Brand,EMC Hard Drives,https://m4l.com/emc-hard-disk-drives,https://www.m4l.com/emc-hard-drive-5051674,
2025-02-13T20:19:09.398074,product_found,HDD by Brand,EMC Hard Drives,https://m4l.com/emc-hard-disk-drives,https://www.m4l.com/emc-8tb-sas-12-0-gbps-hard-drive-es5-30-t8,
2025-02-13T20:19:09.399072,product_found,HDD by Brand,EMC Hard Drives,https://m4l.com/emc-hard-disk-drives,https://www.m4l.com/emc-8tb-sas-12-0-gbps-hard-drive-es5-15-t8,
2025-02-13T20:19:09.399072,product_found,HDD by Brand,EMC Hard Drives,https://m4l.com/emc-hard-disk-drives,https://www.m4l.com/emc-8tb-sas-12-0-gbps-hard-drive-es5-10-t8,
2025-02-13T20:19:09.400072,product_found,HDD by Brand,EMC Hard Drives,https://m4l.com/emc-hard-disk-drives,https://www.m4l.com/emc-8tb-sata-6-0-gbps-hard-drive-851-0235,
2025-02-13T20:19:09.400072,product_found,HDD by Brand,EMC Hard Drives,https://m4l.com/emc-hard-disk-drives,https://www.m4l.com/emc-8tb-sata-6-0-gbps-hard-drive-811-0263,
2025-02-13T20:19:09.400072,product_found,HDD by Brand,EMC Hard Drives,https://m4l.com/emc-hard-disk-drives,https://www.m4l.com/emc-8tb-sas-12-0-gbps-hard-drive-es5-60-t8,
2025-02-13T20:19:09.401072,product_found,HDD by Brand,EMC Hard Drives,https://m4l.com/emc-hard-disk-drives,https://www.m4l.com/emc-8tb-sas-12-0-gbps-hard-drive-es5-20-t8,
2025-02-13T20:19:09.401072,product_found,HDD by Brand,EMC Hard Drives,https://m4l.com/emc-hard-disk-drives,https://www.m4l.com/emc-8tb-sas-12-0-gbps-hard-drive-es5-45-t8,
2025-02-13T20:19:09.402071,product_found,HDD by Brand,EMC Hard Drives,https://m4l.com/emc-hard-disk-drives,https://www.m4l.com/emc-hard-drive-es5-10-t8-u,
2025-02-13T20:19:09.402071,product_found,HDD by Brand,EMC Hard Drives,https://m4l.com/emc-hard-disk-drives,https://www.m4l.com/emc-hard-drive-es5-10-t8-x,
2025-02-13T20:19:09.402071,product_found,HDD by Brand,EMC Hard Drives,https://m4l.com/emc-hard-disk-drives,https://www.m4l.com/emc-hard-drive-es5-20-t8-u,
2025-02-13T20:19:09.403071,product_found,HDD by Brand,EMC Hard Drives,https://m4l.com/emc-hard-disk-drives,https://www.m4l.com/emc-hard-drive-es5-20-t8-x,
2025-02-13T20:19:09.403071,product_found,HDD by Brand,EMC Hard Drives,https://m4l.com/emc-hard-disk-drives,https://www.m4l.com/emc-hard-drive-5051061,
2025-02-13T20:19:09.403071,product_found,HDD by Brand,EMC Hard Drives,https://m4l.com/emc-hard-disk-drives,https://www.m4l.com/emc-hard-drive-5050767,
2025-02-13T20:19:09.404073,product_found,HDD by Brand,EMC Hard Drives,https://m4l.com/emc-hard-disk-drives,https://www.m4l.com/emc-hard-drive-5051615,
2025-02-13T20:19:09.404073,product_found,HDD by Brand,EMC Hard Drives,https://m4l.com/emc-hard-disk-drives,https://www.m4l.com/emc-hard-drive-5051618,
2025-02-13T20:19:09.404073,product_found,HDD by Brand,EMC Hard Drives,https://m4l.com/emc-hard-disk-drives,https://www.m4l.com/emc-hard-drive-005050767,
2025-02-13T20:19:09.405069,product_found,HDD by Brand,EMC Hard Drives,https://m4l.com/emc-hard-disk-drives,https://www.m4l.com/emc-hard-drive-005051061,
2025-02-13T20:19:09.405069,product_found,HDD by Brand,EMC Hard Drives,https://m4l.com/emc-hard-disk-drives,https://www.m4l.com/emc-v4-ds07-060,
2025-02-13T20:19:09.405069,product_found,HDD by Brand,EMC Hard Drives,https://m4l.com/emc-hard-disk-drives,https://www.m4l.com/emc-hard-drive-005051560,
2025-02-13T20:19:09.406070,product_found,HDD by Brand,EMC Hard Drives,https://m4l.com/emc-hard-disk-drives,https://www.m4l.com/emc-hard-drive-005051557,
2025-02-13T20:19:09.406070,product_found,HDD by Brand,EMC Hard Drives,https://m4l.com/emc-hard-disk-drives,https://www.m4l.com/emc-hard-drive-005051615,
2025-02-13T20:19:09.406070,product_found,HDD by Brand,EMC Hard Drives,https://m4l.com/emc-hard-disk-drives,https://www.m4l.com/emc-hard-drive-005051618,
2025-02-13T20:19:09.407071,product_found,HDD by Brand,EMC Hard Drives,https://m4l.com/emc-hard-disk-drives,https://www.m4l.com/emc-hard-drive-5051557,
2025-02-13T20:19:09.407071,product_found,HDD by Brand,EMC Hard Drives,https://m4l.com/emc-hard-disk-drives,https://www.m4l.com/emc-hard-drive-5051560,
2025-02-13T20:19:09.407071,product_found,HDD by Brand,EMC Hard Drives,https://m4l.com/emc-hard-disk-drives,https://www.m4l.com/emc-storage-accessory-t4-vs07-6000u,
2025-02-13T20:19:09.557702,page_marker,HDD by Brand,EMC Hard Drives,PAGE_PROGRESS:https://m4l.com/emc-hard-disk-drives,https://m4l.com/emc-hard-disk-drives?pg=2&q=emc-hard-disk-drives&sz=40,
2025-02-13T20:19:41.140829,page_marker,HDD by Brand,Fujitsu Hard Drives,PAGE_PROGRESS:https://m4l.com/fujitsu-hard-disk-drives,https://m4l.com/fujitsu-hard-disk-drives?pg=1&sz=40,
2025-02-13T20:19:59.678725,page_marker,HDD by Brand,HP Hard Drives,PAGE_PROGRESS:https://m4l.com/hp-hard-disk-drives,https://m4l.com/hp-hard-disk-drives?pg=1&sz=40,
