testing,LOT 2-5-10NEW Panasonic LITHIUM BATTERY ECR2450 CR2450 BR2450 2450 3VButton Cell,More than 10 available,US $5.98/ea,True,Free,https://www.ebay.com/itm/167284365503,https://i.ebayimg.com/images/g/vi4AAOSwYilnm6pC/s-l500.jpg,https://i.ebayimg.com/images/g/CsUAAOSw3E1nm6pC/s-l500.jpg,https://i.ebayimg.com/images/g/21sAAOSwouhnm6pC/s-l500.jpg,https://i.ebayimg.com/images/g/Cr0AAOSwc6xnm6pF/s-l500.jpg,https://i.ebayimg.com/images/g/btAAAOSwugZnm6sB/s-l500.jpg,https://i.ebayimg.com/images/g/H6IAAOSwHGxnm6sC/s-l500.jpg,https://i.ebayimg.com/images/g/RKoAAOSw-JBnm6sG/s-l500.jpg,https://i.ebayimg.com/images/g/aaQAAOSwbzVnm6se/s-l500.jpg,https://i.ebayimg.com/images/g/nY4AAOSwp5Znm6sf/s-l500.jpg,https://i.ebayimg.com/images/g/YMoAAOSwKb5nm6sf/s-l500.jpg,https://i.ebayimg.com/images/g/iC4AAOSw3kdnm6s-/s-l500.jpg,https://i.ebayimg.com/images/g/7psAAOSweSVnm6s-/s-l500.jpg
175943759685,New for Mercury Marine Outboard Rectifier 90 90Hp 1978-1990,More than 10 available,US $20.85/ea,False,Free,https://www.ebay.com/itm/280701041445,https://i.ebayimg.com/images/g/mkgAAOSwGK5naTwX/s-l500.jpg,https://i.ebayimg.com/images/g/Y5EAAOSwzbxnaTwb/s-l500.jpg,https://i.ebayimg.com/images/g/GwMAAOSwV-FnaTwX/s-l500.jpg,https://i.ebayimg.com/images/g/vZQAAOSwbVtnaTwX/s-l500.jpg,https://i.ebayimg.com/images/g/rsUAAOSwuqpnaTwX/s-l500.jpg,https://i.ebayimg.com/images/g/edAAAOSwuNdnaTwX/s-l500.jpg,https://i.ebayimg.com/images/g/atEAAOSwZ0VnaTwZ/s-l500.jpg,,,,,
testing,LOT 2-5-10NEW Panasonic LITHIUM BATTERY ECR2450 CR2450 BR2450 2450 3VButton Cell,More than 10 available,US $5.98/ea,True,Free,https://www.ebay.com/itm/167284365503,https://i.ebayimg.com/images/g/vi4AAOSwYilnm6pC/s-l500.jpg,https://i.ebayimg.com/images/g/CsUAAOSw3E1nm6pC/s-l500.jpg,https://i.ebayimg.com/images/g/21sAAOSwouhnm6pC/s-l500.jpg,https://i.ebayimg.com/images/g/Cr0AAOSwc6xnm6pF/s-l500.jpg,https://i.ebayimg.com/images/g/btAAAOSwugZnm6sB/s-l500.jpg,https://i.ebayimg.com/images/g/H6IAAOSwHGxnm6sC/s-l500.jpg,https://i.ebayimg.com/images/g/RKoAAOSw-JBnm6sG/s-l500.jpg,https://i.ebayimg.com/images/g/aaQAAOSwbzVnm6se/s-l500.jpg,https://i.ebayimg.com/images/g/nY4AAOSwp5Znm6sf/s-l500.jpg,https://i.ebayimg.com/images/g/YMoAAOSwKb5nm6sf/s-l500.jpg,https://i.ebayimg.com/images/g/iC4AAOSw3kdnm6s-/s-l500.jpg,https://i.ebayimg.com/images/g/7psAAOSweSVnm6s-/s-l500.jpg
175943759685,New for Mercury Marine Outboard Rectifier 90 90Hp 1978-1990,More than 10 available,US $20.85/ea,False,Free,https://www.ebay.com/itm/280701041445,https://i.ebayimg.com/images/g/mkgAAOSwGK5naTwX/s-l500.jpg,https://i.ebayimg.com/images/g/Y5EAAOSwzbxnaTwb/s-l500.jpg,https://i.ebayimg.com/images/g/GwMAAOSwV-FnaTwX/s-l500.jpg,https://i.ebayimg.com/images/g/vZQAAOSwbVtnaTwX/s-l500.jpg,https://i.ebayimg.com/images/g/rsUAAOSwuqpnaTwX/s-l500.jpg,https://i.ebayimg.com/images/g/edAAAOSwuNdnaTwX/s-l500.jpg,https://i.ebayimg.com/images/g/atEAAOSwZ0VnaTwZ/s-l500.jpg,,,,,
testing,LOT 2-5-10NEW Panasonic LITHIUM BATTERY ECR2450 CR2450 BR2450 2450 3VButton Cell,More than 10 available,US $5.98/ea,True,Free,https://www.ebay.com/itm/167284365503,https://i.ebayimg.com/images/g/vi4AAOSwYilnm6pC/s-l500.jpg,https://i.ebayimg.com/images/g/CsUAAOSw3E1nm6pC/s-l500.jpg,https://i.ebayimg.com/images/g/21sAAOSwouhnm6pC/s-l500.jpg,https://i.ebayimg.com/images/g/Cr0AAOSwc6xnm6pF/s-l500.jpg,https://i.ebayimg.com/images/g/btAAAOSwugZnm6sB/s-l500.jpg,https://i.ebayimg.com/images/g/H6IAAOSwHGxnm6sC/s-l500.jpg,https://i.ebayimg.com/images/g/RKoAAOSw-JBnm6sG/s-l500.jpg,https://i.ebayimg.com/images/g/aaQAAOSwbzVnm6se/s-l500.jpg,https://i.ebayimg.com/images/g/nY4AAOSwp5Znm6sf/s-l500.jpg,https://i.ebayimg.com/images/g/YMoAAOSwKb5nm6sf/s-l500.jpg,https://i.ebayimg.com/images/g/iC4AAOSw3kdnm6s-/s-l500.jpg,https://i.ebayimg.com/images/g/7psAAOSweSVnm6s-/s-l500.jpg
175943759685,New for Mercury Marine Outboard Rectifier 90 90Hp 1978-1990,More than 10 available,US $20.85/ea,False,Free,https://www.ebay.com/itm/280701041445,https://i.ebayimg.com/images/g/mkgAAOSwGK5naTwX/s-l500.jpg,https://i.ebayimg.com/images/g/Y5EAAOSwzbxnaTwb/s-l500.jpg,https://i.ebayimg.com/images/g/GwMAAOSwV-FnaTwX/s-l500.jpg,https://i.ebayimg.com/images/g/vZQAAOSwbVtnaTwX/s-l500.jpg,https://i.ebayimg.com/images/g/rsUAAOSwuqpnaTwX/s-l500.jpg,https://i.ebayimg.com/images/g/edAAAOSwuNdnaTwX/s-l500.jpg,https://i.ebayimg.com/images/g/atEAAOSwZ0VnaTwZ/s-l500.jpg,,,,,
176792817744,New Starter Solenoid for Kawasaki Small Engine Fc540V,More than 10 available,US $19.50/ea,False,Free,https://www.ebay.com/itm/280707679763,https://i.ebayimg.com/images/g/h6EAAOSwy3hdcqKV/s-l500.jpg,https://i.ebayimg.com/images/g/XhoAAOSwkzRdcqKV/s-l500.jpg,,,,,,,,,,
testing,LOT 2-5-10NEW Panasonic LITHIUM BATTERY ECR2450 CR2450 BR2450 2450 3VButton Cell,More than 10 available,US $5.98/ea,True,Free,https://www.ebay.com/itm/167284365503,https://i.ebayimg.com/images/g/vi4AAOSwYilnm6pC/s-l500.jpg,https://i.ebayimg.com/images/g/CsUAAOSw3E1nm6pC/s-l500.jpg,https://i.ebayimg.com/images/g/21sAAOSwouhnm6pC/s-l500.jpg,https://i.ebayimg.com/images/g/Cr0AAOSwc6xnm6pF/s-l500.jpg,https://i.ebayimg.com/images/g/btAAAOSwugZnm6sB/s-l500.jpg,https://i.ebayimg.com/images/g/H6IAAOSwHGxnm6sC/s-l500.jpg,https://i.ebayimg.com/images/g/RKoAAOSw-JBnm6sG/s-l500.jpg,https://i.ebayimg.com/images/g/aaQAAOSwbzVnm6se/s-l500.jpg,https://i.ebayimg.com/images/g/nY4AAOSwp5Znm6sf/s-l500.jpg,https://i.ebayimg.com/images/g/YMoAAOSwKb5nm6sf/s-l500.jpg,https://i.ebayimg.com/images/g/iC4AAOSw3kdnm6s-/s-l500.jpg,https://i.ebayimg.com/images/g/7psAAOSweSVnm6s-/s-l500.jpg
175943759685,New for Mercury Marine Outboard Rectifier 90 90Hp 1978-1990,More than 10 available,US $20.85/ea,False,Free,https://www.ebay.com/itm/280701041445,https://i.ebayimg.com/images/g/mkgAAOSwGK5naTwX/s-l500.jpg,https://i.ebayimg.com/images/g/Y5EAAOSwzbxnaTwb/s-l500.jpg,https://i.ebayimg.com/images/g/GwMAAOSwV-FnaTwX/s-l500.jpg,https://i.ebayimg.com/images/g/vZQAAOSwbVtnaTwX/s-l500.jpg,https://i.ebayimg.com/images/g/rsUAAOSwuqpnaTwX/s-l500.jpg,https://i.ebayimg.com/images/g/edAAAOSwuNdnaTwX/s-l500.jpg,https://i.ebayimg.com/images/g/atEAAOSwZ0VnaTwZ/s-l500.jpg,,,,,
176792817744,New Starter Solenoid for Kawasaki Small Engine Fc540V,More than 10 available,US $19.50/ea,False,Free,https://www.ebay.com/itm/280707679763,https://i.ebayimg.com/images/g/h6EAAOSwy3hdcqKV/s-l500.jpg,https://i.ebayimg.com/images/g/XhoAAOSwkzRdcqKV/s-l500.jpg,,,,,,,,,,
176792818924,Starter Solenoid for Kawasaki Fc540V Fd501D Fd620D Engine,More than 10 available,US $23.00/ea,False,Free,https://www.ebay.com/itm/280712971318,https://i.ebayimg.com/images/g/bLMAAOSw9ptmyaDi/s-l500.jpg,https://i.ebayimg.com/images/g/atwAAOSwVEBmyaDj/s-l500.jpg,https://i.ebayimg.com/images/g/6YkAAOSwVMJmyaDh/s-l500.jpg,https://i.ebayimg.com/images/g/DwEAAOSwCAFmyaDj/s-l500.jpg,https://i.ebayimg.com/images/g/53kAAOSwTKNmyaDi/s-l500.jpg,https://i.ebayimg.com/images/g/2GMAAOSw2UZmyaDi/s-l500.jpg,https://i.ebayimg.com/images/g/0bsAAOSw~dhmyaDj/s-l500.jpg,https://i.ebayimg.com/images/g/FrkAAOSwYpJmyaDj/s-l500.jpg,,,,
testing,LOT 2-5-10NEW Panasonic LITHIUM BATTERY ECR2450 CR2450 BR2450 2450 3VButton Cell,More than 10 available,False,US $5.98/ea,True,Free,https://www.ebay.com/itm/167284365503,https://i.ebayimg.com/images/g/vi4AAOSwYilnm6pC/s-l500.jpg,https://i.ebayimg.com/images/g/CsUAAOSw3E1nm6pC/s-l500.jpg,https://i.ebayimg.com/images/g/21sAAOSwouhnm6pC/s-l500.jpg,https://i.ebayimg.com/images/g/Cr0AAOSwc6xnm6pF/s-l500.jpg,https://i.ebayimg.com/images/g/btAAAOSwugZnm6sB/s-l500.jpg,https://i.ebayimg.com/images/g/H6IAAOSwHGxnm6sC/s-l500.jpg,https://i.ebayimg.com/images/g/RKoAAOSw-JBnm6sG/s-l500.jpg,https://i.ebayimg.com/images/g/aaQAAOSwbzVnm6se/s-l500.jpg,https://i.ebayimg.com/images/g/nY4AAOSwp5Znm6sf/s-l500.jpg,https://i.ebayimg.com/images/g/YMoAAOSwKb5nm6sf/s-l500.jpg,https://i.ebayimg.com/images/g/iC4AAOSw3kdnm6s-/s-l500.jpg,https://i.ebayimg.com/images/g/7psAAOSweSVnm6s-/s-l500.jpg
175943759685,New for Mercury Marine Outboard Rectifier 90 90Hp 1978-1990,More than 10 available,False,US $20.85/ea,False,Free,https://www.ebay.com/itm/280701041445,https://i.ebayimg.com/images/g/mkgAAOSwGK5naTwX/s-l500.jpg,https://i.ebayimg.com/images/g/Y5EAAOSwzbxnaTwb/s-l500.jpg,https://i.ebayimg.com/images/g/GwMAAOSwV-FnaTwX/s-l500.jpg,https://i.ebayimg.com/images/g/vZQAAOSwbVtnaTwX/s-l500.jpg,https://i.ebayimg.com/images/g/rsUAAOSwuqpnaTwX/s-l500.jpg,https://i.ebayimg.com/images/g/edAAAOSwuNdnaTwX/s-l500.jpg,https://i.ebayimg.com/images/g/atEAAOSwZ0VnaTwZ/s-l500.jpg,,,,,
176792817744,New Starter Solenoid for Kawasaki Small Engine Fc540V,More than 10 available,False,US $19.50/ea,False,Free,https://www.ebay.com/itm/280707679763,https://i.ebayimg.com/images/g/h6EAAOSwy3hdcqKV/s-l500.jpg,https://i.ebayimg.com/images/g/XhoAAOSwkzRdcqKV/s-l500.jpg,,,,,,,,,,
176792818924,Starter Solenoid for Kawasaki Fc540V Fd501D Fd620D Engine,More than 10 available,False,US $23.00/ea,False,Free,https://www.ebay.com/itm/280712971318,https://i.ebayimg.com/images/g/bLMAAOSw9ptmyaDi/s-l500.jpg,https://i.ebayimg.com/images/g/atwAAOSwVEBmyaDj/s-l500.jpg,https://i.ebayimg.com/images/g/6YkAAOSwVMJmyaDh/s-l500.jpg,https://i.ebayimg.com/images/g/DwEAAOSwCAFmyaDj/s-l500.jpg,https://i.ebayimg.com/images/g/53kAAOSwTKNmyaDi/s-l500.jpg,https://i.ebayimg.com/images/g/2GMAAOSw2UZmyaDi/s-l500.jpg,https://i.ebayimg.com/images/g/0bsAAOSw~dhmyaDj/s-l500.jpg,https://i.ebayimg.com/images/g/FrkAAOSwYpJmyaDj/s-l500.jpg,,,,
176822455803,Starter for Cub Cadet 17 17.5 18.5 Briggs & Stratton 2004-06 / BS-593934 593934,More than 10 available,False,US $34.00/ea,False,Free,https://www.ebay.com/itm/280716204941,https://i.ebayimg.com/images/g/2GUAAOSwDRll8gXt/s-l500.jpg,https://i.ebayimg.com/images/g/nzUAAOSwZA5l8gQy/s-l500.png,https://i.ebayimg.com/images/g/oW8AAOSwvJ1l8gXt/s-l500.jpg,https://i.ebayimg.com/images/g/Wo8AAOSweMhl8gXt/s-l500.jpg,https://i.ebayimg.com/images/g/7ecAAOSwMlZl8gXs/s-l500.jpg,https://i.ebayimg.com/images/g/t2sAAOSwqlBl8gXt/s-l500.jpg,https://i.ebayimg.com/images/g/TgAAAOSwPvRl8gXt/s-l500.jpg,https://i.ebayimg.com/images/g/SvAAAOSwhNdl8gXt/s-l500.jpg,,,,
175957323473,Starter for John Deere Tractor Lawn LA105 LA115 LA125 New,More than 10 available,False,US $34.00/ea,False,Free,https://www.ebay.com/itm/280716206453,https://i.ebayimg.com/images/g/RkMAAOSwgOxl8fxJ/s-l500.jpg,https://i.ebayimg.com/images/g/rEkAAOSwFA5l8ftZ/s-l500.png,https://i.ebayimg.com/images/g/ztwAAOSwkyll8fxJ/s-l500.jpg,https://i.ebayimg.com/images/g/dJMAAOSwtaxl8fxK/s-l500.jpg,https://i.ebayimg.com/images/g/wZAAAOSwLFtl8fxK/s-l500.jpg,https://i.ebayimg.com/images/g/tXsAAOSwpg9l8fxK/s-l500.jpg,https://i.ebayimg.com/images/g/FjIAAOSwlgtl8fxJ/s-l500.jpg,https://i.ebayimg.com/images/g/MGgAAOSwv0Bl8fxL/s-l500.jpg,,,,
175955280568,for Mercury Marine Starter Solenoid Relay Switch 25 25Hp,More than 10 available,False,US $10.75/ea,False,Free,https://www.ebay.com/itm/280722566269,,,,,,,,,,,,
175945703138,Starter for John Deere 25-098-04 25-098-04S 25-098-05 25-098-05S 25-098-06,More than 10 available,False,US $38.99/ea,False,Free,https://www.ebay.com/itm/280740003247,https://i.ebayimg.com/images/g/~FUAAOSwoLhl8xDX/s-l500.jpg,https://i.ebayimg.com/images/g/G~MAAOSwH0Zl8xAq/s-l500.png,https://i.ebayimg.com/images/g/nN0AAOSwdoJl8xDY/s-l500.jpg,https://i.ebayimg.com/images/g/WtQAAOSwYuZl8xDX/s-l500.jpg,https://i.ebayimg.com/images/g/~K0AAOSwLTRl8xDX/s-l500.jpg,https://i.ebayimg.com/images/g/zAYAAOSwT6Fl8xDY/s-l500.jpg,https://i.ebayimg.com/images/g/9tQAAOSwCjll8xDY/s-l500.jpg,https://i.ebayimg.com/images/g/pYMAAOSwvzdl8xDX/s-l500.jpg,,,,
176775017772,Starter for Eton Atv Yxl-150 Yukon 150 150Cc Engine New / 800176,More than 10 available,False,US $21.95/ea,False,Free,https://www.ebay.com/itm/280740099794,https://i.ebayimg.com/images/g/CtsAAOSwdQxleGOO/s-l500.jpg,https://i.ebayimg.com/images/g/TSkAAOSwf51leGOO/s-l500.jpg,https://i.ebayimg.com/images/g/pU8AAOSw04xleGOO/s-l500.jpg,https://i.ebayimg.com/images/g/AugAAOSw9GBleGOQ/s-l500.jpg,https://i.ebayimg.com/images/g/W0IAAOSwGDNleGOP/s-l500.jpg,https://i.ebayimg.com/images/g/qR8AAOSwwnhleGOO/s-l500.jpg,https://i.ebayimg.com/images/g/llEAAOSwoHxleGOO/s-l500.jpg,https://i.ebayimg.com/images/g/QBkAAOSwwRNleGOO/s-l500.png,,,,
testing,LOT 2-5-10NEW Panasonic LITHIUM BATTERY ECR2450 CR2450 BR2450 2450 3VButton Cell,More than 10 available,False,US $5.98/ea,True,Free,https://www.ebay.com/itm/167284365503,https://i.ebayimg.com/images/g/vi4AAOSwYilnm6pC/s-l500.jpg,https://i.ebayimg.com/images/g/CsUAAOSw3E1nm6pC/s-l500.jpg,https://i.ebayimg.com/images/g/21sAAOSwouhnm6pC/s-l500.jpg,https://i.ebayimg.com/images/g/Cr0AAOSwc6xnm6pF/s-l500.jpg,https://i.ebayimg.com/images/g/btAAAOSwugZnm6sB/s-l500.jpg,https://i.ebayimg.com/images/g/H6IAAOSwHGxnm6sC/s-l500.jpg,https://i.ebayimg.com/images/g/RKoAAOSw-JBnm6sG/s-l500.jpg,https://i.ebayimg.com/images/g/aaQAAOSwbzVnm6se/s-l500.jpg,https://i.ebayimg.com/images/g/nY4AAOSwp5Znm6sf/s-l500.jpg,https://i.ebayimg.com/images/g/YMoAAOSwKb5nm6sf/s-l500.jpg,https://i.ebayimg.com/images/g/iC4AAOSw3kdnm6s-/s-l500.jpg,https://i.ebayimg.com/images/g/7psAAOSweSVnm6s-/s-l500.jpg
175943759685,New for Mercury Marine Outboard Rectifier 90 90Hp 1978-1990,More than 10 available,False,US $20.85/ea,False,Free,https://www.ebay.com/itm/280701041445,https://i.ebayimg.com/images/g/mkgAAOSwGK5naTwX/s-l500.jpg,https://i.ebayimg.com/images/g/Y5EAAOSwzbxnaTwb/s-l500.jpg,https://i.ebayimg.com/images/g/GwMAAOSwV-FnaTwX/s-l500.jpg,https://i.ebayimg.com/images/g/vZQAAOSwbVtnaTwX/s-l500.jpg,https://i.ebayimg.com/images/g/rsUAAOSwuqpnaTwX/s-l500.jpg,https://i.ebayimg.com/images/g/edAAAOSwuNdnaTwX/s-l500.jpg,https://i.ebayimg.com/images/g/atEAAOSwZ0VnaTwZ/s-l500.jpg,,,,,
176792817744,New Starter Solenoid for Kawasaki Small Engine Fc540V,More than 10 available,False,US $19.50/ea,False,Free,https://www.ebay.com/itm/280707679763,https://i.ebayimg.com/images/g/h6EAAOSwy3hdcqKV/s-l500.jpg,https://i.ebayimg.com/images/g/XhoAAOSwkzRdcqKV/s-l500.jpg,,,,,,,,,,
176792818924,Starter Solenoid for Kawasaki Fc540V Fd501D Fd620D Engine,More than 10 available,False,US $23.00/ea,False,Free,https://www.ebay.com/itm/280712971318,https://i.ebayimg.com/images/g/bLMAAOSw9ptmyaDi/s-l500.jpg,https://i.ebayimg.com/images/g/atwAAOSwVEBmyaDj/s-l500.jpg,https://i.ebayimg.com/images/g/6YkAAOSwVMJmyaDh/s-l500.jpg,https://i.ebayimg.com/images/g/DwEAAOSwCAFmyaDj/s-l500.jpg,https://i.ebayimg.com/images/g/53kAAOSwTKNmyaDi/s-l500.jpg,https://i.ebayimg.com/images/g/2GMAAOSw2UZmyaDi/s-l500.jpg,https://i.ebayimg.com/images/g/0bsAAOSw~dhmyaDj/s-l500.jpg,https://i.ebayimg.com/images/g/FrkAAOSwYpJmyaDj/s-l500.jpg,,,,
testing,LOT 2-5-10NEW Panasonic LITHIUM BATTERY ECR2450 CR2450 BR2450 2450 3VButton Cell,More than 10 available,False,US $5.98/ea,True,Free,https://www.ebay.com/itm/167284365503,https://i.ebayimg.com/images/g/vi4AAOSwYilnm6pC/s-l500.jpg,https://i.ebayimg.com/images/g/CsUAAOSw3E1nm6pC/s-l500.jpg,https://i.ebayimg.com/images/g/21sAAOSwouhnm6pC/s-l500.jpg,https://i.ebayimg.com/images/g/Cr0AAOSwc6xnm6pF/s-l500.jpg,https://i.ebayimg.com/images/g/btAAAOSwugZnm6sB/s-l500.jpg,https://i.ebayimg.com/images/g/H6IAAOSwHGxnm6sC/s-l500.jpg,https://i.ebayimg.com/images/g/RKoAAOSw-JBnm6sG/s-l500.jpg,https://i.ebayimg.com/images/g/aaQAAOSwbzVnm6se/s-l500.jpg,https://i.ebayimg.com/images/g/nY4AAOSwp5Znm6sf/s-l500.jpg,https://i.ebayimg.com/images/g/YMoAAOSwKb5nm6sf/s-l500.jpg,https://i.ebayimg.com/images/g/iC4AAOSw3kdnm6s-/s-l500.jpg,https://i.ebayimg.com/images/g/7psAAOSweSVnm6s-/s-l500.jpg
175943759685,New for Mercury Marine Outboard Rectifier 90 90Hp 1978-1990,More than 10 available,False,US $20.85/ea,False,Free,https://www.ebay.com/itm/280701041445,https://i.ebayimg.com/images/g/mkgAAOSwGK5naTwX/s-l500.jpg,https://i.ebayimg.com/images/g/Y5EAAOSwzbxnaTwb/s-l500.jpg,https://i.ebayimg.com/images/g/GwMAAOSwV-FnaTwX/s-l500.jpg,https://i.ebayimg.com/images/g/vZQAAOSwbVtnaTwX/s-l500.jpg,https://i.ebayimg.com/images/g/rsUAAOSwuqpnaTwX/s-l500.jpg,https://i.ebayimg.com/images/g/edAAAOSwuNdnaTwX/s-l500.jpg,https://i.ebayimg.com/images/g/atEAAOSwZ0VnaTwZ/s-l500.jpg,,,,,
386521916622,HECASA Front Bumper Grille Grill Chrome For Ford F-150 F-250 HD F-350 92-97,Last one,True,US $65.00,False,See compatible vehicles,"eBay
Fit For Chevrolet&GMC
Interior Parts
Exterior Parts
Grille
Bumper
Lighting & Lamps
Others
Fit For Ford
Interior Parts
Exterior Parts
Grille
Bumper
Lighting & Lamps
Others
Fit For Dodge
Interior Parts
Exterior Parts
Grille
Bumper
Lighting & Lamps
Others
Fit For Honda
Interior Parts
Exterior Parts
Grille
Bumper
Lighting & Lamps
Others
Fit For Toyota
Interior Parts
Exterior Parts
Grille
Bumper
Lighting & Lamps
Others
Motorcycle Parts
Luggage
Seats
Body & Frame
Others
Fit For Jeep
Interior Parts
Exterior Parts
Grille
Bumper
Lighting & Lamps
Others
Fit For John Deere
Fit For Nissan
Electric Bike
Universal
Other types of cars
Interior Parts
Exterior Parts
Grille
Bumper
Lighting & Lamps
ATV&UTV Parts
Body & Frame
Golf Cart Parts
Others
Other
HECASA Front Bumper Grille Grill Chrome For Ford F-250 HD/F-350 92-97 E4TZ8200
FIT FOR:
For Ford Bronco 1992-1996
For Ford F-150 1992-1996
For Ford F-250 1992-1996
For Ford F-250 HD 1997
For Ford F-350 1992-1997
Specification:
Condition: 100% Brand New
Type: Grille
Material: Plastic（ABS)
Color: Silver
Surface Finish: Chrome
Installation method: Screw-On
Placement on Vehicle: Front
Replaces Part Number: for E4TZ8200, FO1200442
Feature
Made of high-quality ABS plastic,it can withstand harsh road wear and the test of time.
The grille can increase the durability of your vehicle and give it a sense of style,make your vehicle different than others on the road.
The grille allows airflow to cool down the radiator and engine easily.
It also prevents outside objects from damaging the internal parts of the vehicle while driving.
Package Includes:
1x Front Grille
Shipping:
All items will be shipped out in 1 business day, no expedited service available.
We ship our items to USA only(Does NOT include Hawaii, Alaska or Puerto Rico, PO Boxes/APO's).
Shipping Notes:
We use multiple warehouses and will select the nearest warehouse for delivery according to your order address and our inventory, Thank you for your cooperation.
Contact us:
Any Questions, Just feel free to contact us on eBay. We will reply you in 24 hours.
◆
About Us:
""Hope of Endless Caring, Are Starting Around you.""
With this state of mind set and done all in our team, we had our brand HECASA. HACASA allows our dreams come true to combine green lifestyle with YOLO.
""We got hot sauce in our bags."" Only the company that has the real nerve dare to say it and we did all this just because we can’t stand of seeing customers couldn’t find the right place to replace their auto parts.
We believe in ourselves that we always make the best auto parts because we have the most professional engineers with us ever since 2011.
It was never easy to speak out loud that we have the confidence to satisfy every customers of ours but we just did. And we can not make it all happen without our leader and our authentic team members who are capable of creating and selling. We devoted most of our times to try to consider things on behalf of our customers we are not just saying but also putting our feet on the ground.
All of our products manufactured under tough inspection and our craftsmanship worth more than everything.
You will always find the real stuffs you need here in HECASA.
On May 30, 2023 at 18:43:07 PDT, seller added the following information:
On Aug 4, 2023 at 14:47:33 PDT, seller added the following information:
On Nov 26, 2023 at 23:19:15 PST, seller added the following information:
On Jun 15, 2024 at 02:46:54 PDT, seller added the following information:
On Nov 8, 2024 at 08:33:26 PST, seller added the following information:",https://www.ebay.com/itm/115815524091,https://i.ebayimg.com/images/g/NxYAAOSwxFpnLdaA/s-l500.jpg,https://i.ebayimg.com/images/g/cAcAAOSwSHxnLdaB/s-l500.jpg,https://i.ebayimg.com/images/g/zUUAAOSwnX1nLdaB/s-l500.jpg,https://i.ebayimg.com/images/g/sj0AAOSwTBFnLdaB/s-l500.jpg,https://i.ebayimg.com/images/g/4MsAAOSwFHZnLdaB/s-l500.jpg,https://i.ebayimg.com/images/g/fSAAAOSwmD5nLdaB/s-l500.jpg,https://i.ebayimg.com/images/g/ZocAAOSwlv1nLdaB/s-l500.jpg,https://i.ebayimg.com/images/g/xgsAAOSwQDZkbakw/s-l500.jpg,https://i.ebayimg.com/images/g/TNwAAOSwb~1kbakt/s-l500.jpg,https://i.ebayimg.com/images/g/qgcAAOSwsZpkbakv/s-l500.jpg,https://i.ebayimg.com/images/g/x~sAAOSw-LZkbakv/s-l500.jpg,https://i.ebayimg.com/images/g/qK8AAOSwERpkbakv/s-l500.jpg
386523634801,HECASA Pair Side View Exterior Power Mirror Front LH&RH For Hummer H3 H3T 06-10,More than 10 available,False,US $350.00,False,See compatible vehicles,"eBay
Fit For Chevrolet&GMC
Interior Parts
Exterior Parts
Grille
Bumper
Lighting & Lamps
Others
Fit For Ford
Interior Parts
Exterior Parts
Grille
Bumper
Lighting & Lamps
Others
Fit For Dodge
Interior Parts
Exterior Parts
Grille
Bumper
Lighting & Lamps
Others
Fit For Honda
Interior Parts
Exterior Parts
Grille
Bumper
Lighting & Lamps
Others
Fit For Toyota
Interior Parts
Exterior Parts
Grille
Bumper
Lighting & Lamps
Others
Motorcycle Parts
Luggage
Seats
Body & Frame
Others
Fit For Jeep
Interior Parts
Exterior Parts
Grille
Bumper
Lighting & Lamps
Others
Fit For John Deere
Fit For Nissan
Electric Bike
Universal
Other types of cars
Interior Parts
Exterior Parts
Grille
Bumper
Lighting & Lamps
ATV&UTV Parts
Body & Frame
Golf Cart Parts
Others
Other
HECASA Pair Side View Exterior Power Mirror Front LH&RH For Hummer H3 H3T 08-10
Feature
Upgrade your vehicle with our premium Power Mirror product.
With a state-of-the-art push-button adjustment feature, you can easily and quickly adjust your mirrors, allowing you to keep your eyes focused on the road.
Designed to withstand even the harshest weather conditions, our Power Mirrors are made from top-quality, durable materials.
Specification
Condition: 100% Brand New
Type: Power Mirror
Material: Plastic Cover + Glass Mirror
Color: Black
Mirror Adjustment Method: Power Fold (Electric)
Installation method: Screw-On
Placement on Vehicle: Front, Left, Right, Driver Side, Passenger Side
Manufacturer Warranty: 1 Year
Replace for: 20836083, 20836084
Fits
For Hummer H3
2006-2010
For Hummer H3T 2009-2010
Package Include
1 x
Left
Driver Side
Power Mirror
1 x Right Passenger Side Power Mirror
Package Note:
You Will Receive 2 Packages. If you receive one, pls wait for another.
Shipping
All items will be shipped out in 1 business day, no expedited service available.
(USA only, Does NOT include Hawaii, Alaska or Puerto Rico, PO Boxes/APO's)
Contact us
Any Questions, Just feel free to contact us on eBay. We will reply you in 1 business day.
◆
About Us:
""Hope of Endless Caring, Are Starting Around you.""
With this state of mind set and done all in our team, we had our brand HECASA. HACASA allows our dreams come true to combine green lifestyle with YOLO.
""We got hot sauce in our bags."" Only the company that has the real nerve dare to say it and we did all this just because we can’t stand of seeing customers couldn’t find the right place to replace their auto parts.
We believe in ourselves that we always make the best auto parts because we have the most professional engineers with us ever since 2011.
It was never easy to speak out loud that we have the confidence to satisfy every customers of ours but we just did. And we can not make it all happen without our leader and our authentic team members who are capable of creating and selling. We devoted most of our times to try to consider things on behalf of our customers we are not just saying but also putting our feet on the ground.
All of our products manufactured under tough inspection and our craftsmanship worth more than everything.
You will always find the real stuffs you need here in HECASA.
On May 25, 2023 at 21:23:22 PDT, seller added the following information:
On Dec 6, 2023 at 00:16:03 PST, seller added the following information:",https://www.ebay.com/itm/115815546332,https://i.ebayimg.com/images/g/GlMAAOSwJeJkcDLh/s-l500.jpg,https://i.ebayimg.com/images/g/WZIAAOSwV89kba~b/s-l500.jpg,https://i.ebayimg.com/images/g/4OsAAOSw1sFkba~b/s-l500.jpg,https://i.ebayimg.com/images/g/V84AAOSwpEBkbaBU/s-l500.jpg,https://i.ebayimg.com/images/g/kFIAAOSwbxdkbaBU/s-l500.jpg,https://i.ebayimg.com/images/g/vrYAAOSwa~5kba~b/s-l500.jpg,https://i.ebayimg.com/images/g/~HoAAOSw34xkba~b/s-l500.jpg,https://i.ebayimg.com/images/g/v-gAAOSwmrtkba~a/s-l500.jpg,https://i.ebayimg.com/images/g/es8AAOSwTOFkba~a/s-l500.jpg,https://i.ebayimg.com/images/g/~0oAAOSwy4pkbaBU/s-l500.jpg,https://i.ebayimg.com/images/g/Q5oAAOSw-QlkbaBW/s-l500.jpg,https://i.ebayimg.com/images/g/C5oAAOSwJINkbaBU/s-l500.jpg
386503964484,For 03 04 05 Nissan 350z Z33 JDM Style PP Front Bumper Lip Kit NS N Urethane,5 available,False,US $49.99,False,See compatible vehicles,"eBay
Fit For Chevrolet&GMC
Interior Parts
Exterior Parts
Grille
Bumper
Lighting & Lamps
Others
Fit For Ford
Interior Parts
Exterior Parts
Grille
Bumper
Lighting & Lamps
Others
Fit For Dodge
Interior Parts
Exterior Parts
Grille
Bumper
Lighting & Lamps
Others
Fit For Honda
Interior Parts
Exterior Parts
Grille
Bumper
Lighting & Lamps
Others
Fit For Toyota
Interior Parts
Exterior Parts
Grille
Bumper
Lighting & Lamps
Others
Motorcycle Parts
Luggage
Seats
Body & Frame
Others
Fit For Jeep
Interior Parts
Exterior Parts
Grille
Bumper
Lighting & Lamps
Others
Fit For John Deere
Fit For Nissan
Electric Bike
Universal
Other types of cars
Interior Parts
Exterior Parts
Grille
Bumper
Lighting & Lamps
ATV&UTV Parts
Body & Frame
Golf Cart Parts
Others
Other
HECASA For 2003-2005 Nissan 350z Polypropylene Black Front Bumper Lip Body Kit
Feature
100% Brand New in the box, never been installed before.
Made of high quality durable Polypropylene.
Prevent the car from being scratched and improve the decoration grade of the car.
Easy install and durable use.
Specification
Condition: 100% Brand New
Type: Front Bumper Lip
Material: Plastic（Polypropylene)
Color: Black
Installation method: tape, screw
Placement on Vehicle: Front, Lower
Manufacturer Warranty: 1 Year
Fitment
For 2003 2004 2005 Nissan 350z
Package Include
1x Front Bumper Lip
Shipping
All items will be shipped out in 1 business day, no expedited service available.
(USA only, Does NOT include Hawaii, Alaska or Puerto Rico, PO Boxes/APO's)
Contact us
Any Questions, Just feel free to contact us on eBay. We will reply you in 1 business day.
◆
About Us:
""Hope of Endless Caring, Are Starting Around you.""
With this state of mind set and done all in our team, we had our brand HECASA. HACASA allows our dreams come true to combine green lifestyle with YOLO.
""We got hot sauce in our bags."" Only the company that has the real nerve dare to say it and we did all this just because we can’t stand of seeing customers couldn’t find the right place to replace their auto parts.
We believe in ourselves that we always make the best auto parts because we have the most professional engineers with us ever since 2011.
It was never easy to speak out loud that we have the confidence to satisfy every customers of ours but we just did. And we can not make it all happen without our leader and our authentic team members who are capable of creating and selling. We devoted most of our times to try to consider things on behalf of our customers we are not just saying but also putting our feet on the ground.
All of our products manufactured under tough inspection and our craftsmanship worth more than everything.
You will always find the real stuffs you need here in HECASA.
On May 29, 2023 at 21:50:27 PDT, seller added the following information:",https://www.ebay.com/itm/115815582289,https://i.ebayimg.com/images/g/hdgAAOSwRplkkqAB/s-l500.jpg,https://i.ebayimg.com/images/g/w40AAOSwa01kUdBb/s-l500.jpg,https://i.ebayimg.com/images/g/5AgAAOSwG~dkPQvA/s-l500.jpg,https://i.ebayimg.com/images/g/p7IAAOSwrEBkPeuH/s-l500.jpg,https://i.ebayimg.com/images/g/Y9QAAOSw~xFkPQvA/s-l500.jpg,https://i.ebayimg.com/images/g/7psAAOSwkuljwRDa/s-l500.jpg,https://i.ebayimg.com/images/g/7ikAAOSw6DZjwRDZ/s-l500.jpg,https://i.ebayimg.com/images/g/kEcAAOSw2zpjwRDZ/s-l500.jpg,https://i.ebayimg.com/images/g/X4EAAOSw1GRkHSOy/s-l500.jpg,https://i.ebayimg.com/images/g/LLYAAOSwdRFjwRDa/s-l500.jpg,https://i.ebayimg.com/images/g/LpoAAOSwaEpjwRDZ/s-l500.jpg,https://i.ebayimg.com/images/g/zusAAOSwoLBjwRDc/s-l500.jpg
386302901253,For 1992-1997 96 Ford F150 F250 Bronco Grille Headlight Door Black Grilles,Out of Stock,False,US $78.99,False,See compatible vehicles,"eBay
Fit For Chevrolet&GMC
Interior Parts
Exterior Parts
Grille
Bumper
Lighting & Lamps
Others
Fit For Ford
Interior Parts
Exterior Parts
Grille
Bumper
Lighting & Lamps
Others
Fit For Dodge
Interior Parts
Exterior Parts
Grille
Bumper
Lighting & Lamps
Others
Fit For Honda
Interior Parts
Exterior Parts
Grille
Bumper
Lighting & Lamps
Others
Fit For Toyota
Interior Parts
Exterior Parts
Grille
Bumper
Lighting & Lamps
Others
Motorcycle Parts
Luggage
Seats
Body & Frame
Others
Fit For Jeep
Interior Parts
Exterior Parts
Grille
Bumper
Lighting & Lamps
Others
Fit For John Deere
Fit For Nissan
Electric Bike
Universal
Other types of cars
Interior Parts
Exterior Parts
Grille
Bumper
Lighting & Lamps
ATV&UTV Parts
Body & Frame
Golf Cart Parts
Others
Other
For 1992-1997 96 Ford F150 F250 Bronco Grille Headlight Door Black Grilles
FIT FOR:
For Ford Bronco 1992-1996
For Ford F-150 1992-1996
For Ford F-250 1992-1996
For Ford F-250 HD 1997
For Ford F-350 1992-1997
Specification:
Condition: 100% Brand New
Color:Black
Material: Plastic（ABS)
Surface Finish:Painted
Placement on Vehicle: Front, Left Side, Right Side
Manufacturer Warranty: 1 Year
Features：
Allows air to flow into your vehicle, cooling your radiator and engine, playing a cooling role
Prevents debris from entering the engine to reduce damage to the vehicle
This grille will give your car a unique look and make your vehicle unique
Made of high-quality materials, corrosion-resistant to resist the effects of harsh weather
Package Includes:
1 X Front Bumper Grille
1 X Front Left Side Headlight Bezel
1 X Front Right Side Headlight Bezel
Shipping:
All items will be shipped out in 1 business day, no expedited service available.
We ship our items to USA only(Does NOT include Hawaii, Alaska or Puerto Rico, PO Boxes/APO's).
Shipping Notes:
We use multiple warehouses and will select the nearest warehouse for delivery  according to your order address and our inventory, Thank you for your cooperation.
Contact us:
Any Questions, Just feel free to contact us on eBay. We will reply you in 24 hours.
◆
About Us:
""Hope of Endless Caring, Are Starting Around you.""
With this state of mind set and done all in our team, we had our brand HECASA. HACASA allows our dreams come true to combine green lifestyle with YOLO.
""We got hot sauce in our bags."" Only the company that has the real nerve dare to say it and we did all this just because we can’t stand of seeing customers couldn’t find the right place to replace their auto parts.
We believe in ourselves that we always make the best auto parts because we have the most professional engineers with us ever since 2011.
It was never easy to speak out loud that we have the confidence to satisfy every customers of ours but we just did. And we can not make it all happen without our leader and our authentic team members who are capable of creating and selling. We devoted most of our times to try to consider things on behalf of our customers we are not just saying but also putting our feet on the ground.
All of our products manufactured under tough inspection and our craftsmanship worth more than everything.
You will always find the real stuffs you need here in HECASA.
On Dec 29, 2023 at 02:32:51 PST, seller added the following information:
On Aug 27, 2024 at 04:08:32 PDT, seller added the following information:
On Aug 30, 2024 at 06:02:42 PDT, seller added the following information:
On Sep 20, 2024 at 21:04:02 PDT, seller added the following information:",https://www.ebay.com/itm/115818076517,https://i.ebayimg.com/images/g/pREAAOSwA~Zm7jec/s-l500.jpg,https://i.ebayimg.com/images/g/ezIAAOSw1s1ljn0j/s-l500.jpg,https://i.ebayimg.com/images/g/wL8AAOSwPJVljn0i/s-l500.jpg,https://i.ebayimg.com/images/g/dNQAAOSwsGhljn0j/s-l500.jpg,https://i.ebayimg.com/images/g/pHcAAOSwiiFljn0i/s-l500.jpg,https://i.ebayimg.com/images/g/f3kAAOSw-gZljn0i/s-l500.jpg,https://i.ebayimg.com/images/g/1h8AAOSw5YBm19SC/s-l500.jpg,https://i.ebayimg.com/images/g/UxMAAOSwpEBkbu66/s-l500.jpg,https://i.ebayimg.com/images/g/eoUAAOSwrwhkbu65/s-l500.jpg,https://i.ebayimg.com/images/g/AB0AAOSw1kxkbu67/s-l500.jpg,https://i.ebayimg.com/images/g/QxMAAOSwaZNkbu66/s-l500.jpg,https://i.ebayimg.com/images/g/H-8AAOSwg3Bkbu66/s-l500.jpg
386302833597,HECASA For Ford F150 F250 F350 Bronco 1992-1997 Grille Headlight Door Kit Chrome,More than 10 available,False,US $101.99,False,See compatible vehicles,"eBay
Fit For Chevrolet&GMC
Interior Parts
Exterior Parts
Grille
Bumper
Lighting & Lamps
Others
Fit For Ford
Interior Parts
Exterior Parts
Grille
Bumper
Lighting & Lamps
Others
Fit For Dodge
Interior Parts
Exterior Parts
Grille
Bumper
Lighting & Lamps
Others
Fit For Honda
Interior Parts
Exterior Parts
Grille
Bumper
Lighting & Lamps
Others
Fit For Toyota
Interior Parts
Exterior Parts
Grille
Bumper
Lighting & Lamps
Others
Motorcycle Parts
Luggage
Seats
Body & Frame
Others
Fit For Jeep
Interior Parts
Exterior Parts
Grille
Bumper
Lighting & Lamps
Others
Fit For John Deere
Fit For Nissan
Electric Bike
Universal
Other types of cars
Interior Parts
Exterior Parts
Grille
Bumper
Lighting & Lamps
ATV&UTV Parts
Body & Frame
Golf Cart Parts
Others
Other
HECASA For Ford F150 F250 F350 Bronco 1992-1997 Grille Headlight Door Kit Chrome
Fitment
For Ford Bronco 1992-1996
For Ford F-150 1992-1996
For Ford F-250 1992-1996
For Ford F-250 HD 1997
For Ford F-350 1992-1997
Interchange Part Number
Grille: for E4TZ8200, FO1200442
Headlight Bezel: for F2TZ13064D, FO2512130, F2TZ13064C, FO2513131
Specification
Condition: 100% Brand New
Type: Grille + Headlight Bezel
Material: Plastic(ABS)
Color: Silver
Finish: Chrome
Installation method: Bolt-on
Placement on Vehicle: Front, Left Driver Side, Right Passenger Side
Manufacturer Warranty: 1 Year
Features
1. Function:
The main function of this front grille is to dissipate heat, protect your engine, cooler, intercooler and other engine parts, and withstand the heat generated by the engine and sun exposure. The grille can prevent debris or any harmful substances from damaging the radiator, while allowing air through and keeping the engine running cool.
2. Premium Quality:
Long life-span matters, our grille & headlight bezels is crafted from high quality plastic, durable and sturdy, excellent performance.
Package Include
1 x Front Grille
1 x Front Left Side Headlight Bezel
1 x Front Right Side Headlight Bezel
Package Note:
You Will Receive 2 Packages
Shipping
All items will be shipped out in 1 business day, no expedited service available.
(USA only, Does NOT include Hawaii, Alaska or Puerto Rico, PO Boxes/APO's)
Contact us
Any Questions, Just feel free to contact us on eBay. We will reply you in 1 business day.
◆
About Us:
""Hope of Endless Caring, Are Starting Around you.""
With this state of mind set and done all in our team, we had our brand HECASA. HACASA allows our dreams come true to combine green lifestyle with YOLO.
""We got hot sauce in our bags."" Only the company that has the real nerve dare to say it and we did all this just because we can’t stand of seeing customers couldn’t find the right place to replace their auto parts.
We believe in ourselves that we always make the best auto parts because we have the most professional engineers with us ever since 2011.
It was never easy to speak out loud that we have the confidence to satisfy every customers of ours but we just did. And we can not make it all happen without our leader and our authentic team members who are capable of creating and selling. We devoted most of our times to try to consider things on behalf of our customers we are not just saying but also putting our feet on the ground.
All of our products manufactured under tough inspection and our craftsmanship worth more than everything.
You will always find the real stuffs you need here in HECASA.
On Dec 18, 2023 at 02:24:59 PST, seller added the following information:",https://www.ebay.com/itm/115818103141,https://i.ebayimg.com/images/g/nIQAAOSw831mejNy/s-l500.jpg,https://i.ebayimg.com/images/g/IJcAAOSwhlNkdB7i/s-l500.jpg,https://i.ebayimg.com/images/g/txQAAOSwcZRkbuZa/s-l500.jpg,https://i.ebayimg.com/images/g/dQMAAOSwK19kbuZZ/s-l500.jpg,https://i.ebayimg.com/images/g/nXQAAOSwKzFkbuZZ/s-l500.jpg,https://i.ebayimg.com/images/g/1g4AAOSw1d1kbuZY/s-l500.jpg,https://i.ebayimg.com/images/g/tEQAAOSwa0VkbuZZ/s-l500.jpg,https://i.ebayimg.com/images/g/s-EAAOSwhBJkbuZa/s-l500.jpg,https://i.ebayimg.com/images/g/a34AAOSwro9kbuZa/s-l500.jpg,https://i.ebayimg.com/images/g/O4EAAOSwwnZkbuZZ/s-l500.jpg,https://i.ebayimg.com/images/g/8tMAAOSwbW9kbuZZ/s-l500.jpg,https://i.ebayimg.com/images/g/yIkAAOSw~IdkbuZa/s-l500.jpg
386304885659,Tail Light Brake Lamp For Chevy Silverado GMC Sierra 2014-2018 Driver Side,More than 10 available,True,US $26.13,False,See compatible vehicles,"eBay
Fit For Chevrolet&GMC
Interior Parts
Exterior Parts
Grille
Bumper
Lighting & Lamps
Others
Fit For Ford
Interior Parts
Exterior Parts
Grille
Bumper
Lighting & Lamps
Others
Fit For Dodge
Interior Parts
Exterior Parts
Grille
Bumper
Lighting & Lamps
Others
Fit For Honda
Interior Parts
Exterior Parts
Grille
Bumper
Lighting & Lamps
Others
Fit For Toyota
Interior Parts
Exterior Parts
Grille
Bumper
Lighting & Lamps
Others
Motorcycle Parts
Luggage
Seats
Body & Frame
Others
Fit For Jeep
Interior Parts
Exterior Parts
Grille
Bumper
Lighting & Lamps
Others
Fit For John Deere
Fit For Nissan
Electric Bike
Universal
Other types of cars
Interior Parts
Exterior Parts
Grille
Bumper
Lighting & Lamps
ATV&UTV Parts
Body & Frame
Golf Cart Parts
Others
Other
Tail Light Brake Lamp For Chevy Silverado GMC Sierra 2014-2018 Driver Side
Specification:
Condition: 100% Brand New
Lens Color: Red
Housing Color: Chrome
Material: Plastic
Placement on vehicle: Rear, Left
Features：
Our tail light is waterproof and weather resistant, and the rugged design makes it suitable for use in all weather conditions.
Our tail light is easy to install, making it a perfect fit for your vehicle. The tail light comes with a simple and secure mounting system that allows for easy attachment and detachment, ensuring that your tail light stays safely in place during your drive.
Fitment:
For Chevy Silverado 1500 2014-2018
For Chevy Silverado 1500 LD 2019
For Chevy Silverado 2500 HD 2015-2019
For Chevy Silverado 3500 HD 2015-2019
For GMC Sierra 3500 HD 2015-2018
For GMC Sierra 3500 HD with Dually Wheels 2019
Compatible on GMC Sierra 3500 HD Dually Models Only
Not Compatible on Models w/Factory LED Tail Lights
Package Includes:
1 X Tail Light (Driver Side)
Shipping:
All items will be shipped out in 1 business day, no expedited service available.
We ship our items to USA only (Does NOT include Hawaii, Alaska or Puerto Rico, PO Boxes/APO's).
Shipping Notes:
We use multiple warehouses and will select the nearest warehouse for delivery according to your order address and our inventory, Thank you for your cooperation.
Contact us:
Any Questions, Just feel free to contact us on eBay. We will reply you in 24 hours.
◆
About Us:
""Hope of Endless Caring, Are Starting Around you.""
With this state of mind set and done all in our team, we had our brand HECASA. HACASA allows our dreams come true to combine green lifestyle with YOLO.
""We got hot sauce in our bags."" Only the company that has the real nerve dare to say it and we did all this just because we can’t stand of seeing customers couldn’t find the right place to replace their auto parts.
We believe in ourselves that we always make the best auto parts because we have the most professional engineers with us ever since 2011.
It was never easy to speak out loud that we have the confidence to satisfy every customers of ours but we just did. And we can not make it all happen without our leader and our authentic team members who are capable of creating and selling. We devoted most of our times to try to consider things on behalf of our customers we are not just saying but also putting our feet on the ground.
All of our products manufactured under tough inspection and our craftsmanship worth more than everything.
You will always find the real stuffs you need here in HECASA.
On Jul 27, 2023 at 02:17:44 PDT, seller added the following information:
On Dec 5, 2023 at 04:42:36 PST, seller added the following information:
On Jun 21, 2024 at 01:12:47 PDT, seller added the following information:
On Jul 23, 2024 at 13:25:31 PDT, seller added the following information:",https://www.ebay.com/itm/115819812264,https://i.ebayimg.com/images/g/BdsAAOSwWaxljoEB/s-l500.jpg,https://i.ebayimg.com/images/g/QkAAAOSw-RFkwi9r/s-l500.jpg,https://i.ebayimg.com/images/g/gkwAAOSwxxBkwi9q/s-l500.jpg,https://i.ebayimg.com/images/g/~lIAAOSwZvxkwi9q/s-l500.jpg,https://i.ebayimg.com/images/g/-xIAAOSw3G5kwi9q/s-l500.jpg,https://i.ebayimg.com/images/g/JxIAAOSw4vZkwi9r/s-l500.jpg,https://i.ebayimg.com/images/g/X4AAAOSwbmtkwi9r/s-l500.jpg,https://i.ebayimg.com/images/g/yfIAAOSwpnJkwi9q/s-l500.jpg,https://i.ebayimg.com/images/g/tE8AAOSwTctkwi9q/s-l500.jpg,https://i.ebayimg.com/images/g/L70AAOSw7FNkdDiE/s-l500.jpg,https://i.ebayimg.com/images/g/vN0AAOSw-ABkdDiD/s-l500.jpg,https://i.ebayimg.com/images/g/g~AAAOSwWrNkuzQA/s-l500.jpg
386523481636,Headlight Headlamp Light Trim Bezel Set Fit 1978-1979 Malibu El Camino Caballero,More than 10 available,False,US $40.30/ea,False,See compatible vehicles,"eBay
Fit For Chevrolet&GMC
Interior Parts
Exterior Parts
Grille
Bumper
Lighting & Lamps
Others
Fit For Ford
Interior Parts
Exterior Parts
Grille
Bumper
Lighting & Lamps
Others
Fit For Dodge
Interior Parts
Exterior Parts
Grille
Bumper
Lighting & Lamps
Others
Fit For Honda
Interior Parts
Exterior Parts
Grille
Bumper
Lighting & Lamps
Others
Fit For Toyota
Interior Parts
Exterior Parts
Grille
Bumper
Lighting & Lamps
Others
Motorcycle Parts
Luggage
Seats
Body & Frame
Others
Fit For Jeep
Interior Parts
Exterior Parts
Grille
Bumper
Lighting & Lamps
Others
Fit For John Deere
Fit For Nissan
Electric Bike
Universal
Other types of cars
Interior Parts
Exterior Parts
Grille
Bumper
Lighting & Lamps
ATV&UTV Parts
Body & Frame
Golf Cart Parts
Others
Other
HECASA Headlamp Light Bezel For 1978-1979 Malibu El Camino Caballero For 463532
Specification：
Condition: 100% NEW
Model: LYAP-617
Color: Silvery
Placement on Vehicle: Left, Right
Material: Plastic（ABS)
Fits：
For 1978-1979 GMC Caballero
For 1978-1979 Chevrolet Malibu
For 1978-1979 Chevrolet El Camino
Package：
1x Left/Right Headlight Bezel
Shipping：
All items will be shipped out in 1 business day, no expedited service available.
(USA only, Does NOT include Hawaii, Alaska or Puerto Rico, PO Boxes/APO's)
Contact us：
Any Questions, Just feel free to contact us on eBay. We will reply you in 1 business day.
◆
About Us:
""Hope of Endless Caring, Are Starting Around you.""
With this state of mind set and done all in our team, we had our brand HECASA. HACASA allows our dreams come true to combine green lifestyle with YOLO.
""We got hot sauce in our bags."" Only the company that has the real nerve dare to say it and we did all this just because we can’t stand of seeing customers couldn’t find the right place to replace their auto parts.
We believe in ourselves that we always make the best auto parts because we have the most professional engineers with us ever since 2011.
It was never easy to speak out loud that we have the confidence to satisfy every customers of ours but we just did. And we can not make it all happen without our leader and our authentic team members who are capable of creating and selling. We devoted most of our times to try to consider things on behalf of our customers we are not just saying but also putting our feet on the ground.
All of our products manufactured under tough inspection and our craftsmanship worth more than everything.
You will always find the real stuffs you need here in HECASA.
On Oct 15, 2023 at 18:54:33 PDT, seller added the following information:",https://www.ebay.com/itm/115822742873,https://i.ebayimg.com/images/g/zRMAAOSwxTNlG4E7/s-l500.jpg,https://i.ebayimg.com/images/g/u2IAAOSwUyZkGRvk/s-l500.jpg,https://i.ebayimg.com/images/g/6EcAAOSwuDhkGRvk/s-l500.jpg,https://i.ebayimg.com/images/g/aSoAAOSwXI9kGRvk/s-l500.jpg,https://i.ebayimg.com/images/g/mPoAAOSwRshkGRvk/s-l500.jpg,https://i.ebayimg.com/images/g/XlwAAOSwFO1lG4E6/s-l500.jpg,https://i.ebayimg.com/images/g/NCQAAOSw9QtlG4E-/s-l500.jpg,https://i.ebayimg.com/images/g/q84AAOSwIwplG4E7/s-l500.jpg,https://i.ebayimg.com/images/g/TncAAOSwFBVlG4E6/s-l500.jpg,https://i.ebayimg.com/images/g/x60AAOSw1TdjM7Ms/s-l500.jpg,https://i.ebayimg.com/images/g/lu4AAOSwODxjM7Mt/s-l500.jpg,https://i.ebayimg.com/images/g/QOYAAOSw1cdjM7Mt/s-l500.jpg
386302827540,HECASA Front Lower Spoiler Lip Splitter For Dodge Challenger SXT & R/T 15-23,More than 10 available,False,US $165.99,False,See compatible vehicles,"eBay
Fit For Chevrolet&GMC
Interior Parts
Exterior Parts
Grille
Bumper
Lighting & Lamps
Others
Fit For Ford
Interior Parts
Exterior Parts
Grille
Bumper
Lighting & Lamps
Others
Fit For Dodge
Interior Parts
Exterior Parts
Grille
Bumper
Lighting & Lamps
Others
Fit For Honda
Interior Parts
Exterior Parts
Grille
Bumper
Lighting & Lamps
Others
Fit For Toyota
Interior Parts
Exterior Parts
Grille
Bumper
Lighting & Lamps
Others
Motorcycle Parts
Luggage
Seats
Body & Frame
Others
Fit For Jeep
Interior Parts
Exterior Parts
Grille
Bumper
Lighting & Lamps
Others
Fit For John Deere
Fit For Nissan
Electric Bike
Universal
Other types of cars
Interior Parts
Exterior Parts
Grille
Bumper
Lighting & Lamps
ATV&UTV Parts
Body & Frame
Golf Cart Parts
Others
Other
HECASA Front Bumper Lip Spoiler Splitter For Dodge Challenger SXT & R / T 15-23
FIT FOR:
For Dodge Challenger SRT 392 2015;
For Dodge Challenger 392 Hemi Scat Pack Shaker, R/T Scat Pack, SRT 392 2016;
For Dodge Challenger R/T Scat Pack, SRT 392, T/A 392 2017-2018;
For Dodge Challenger GT, R/T, R/T Scat Pack, R/T Scat Pack Widebody 2019-2023.
Specification:
Condition: 100% Brand New
Color:Black
Material: Plastic (PP）
Installation method:Snap-On
Great quality and great Fitment.
Strict quality control standards to Build and test.
It'll give you a sporty look without making it too aggressive.
Features：
Made of high-quality plastic, corrosion-resistant, impact-resistant, not easy to bend and break
Unique design improves the vehicle's aerodynamics and provides a stylish look
Protect the bumper from being scratched
Reduces airflow through the underbody, increasing downforce
Package Includes:
1 X Front Bumper Lip
Shipping:
All items will be shipped out in 1 business day, no expedited service available.
We ship our items to USA only(Does NOT include Hawaii, Alaska or Puerto Rico, PO Boxes/APO's).
Shipping Notes:
We use multiple warehouses and will select the nearest warehouse for delivery  according to your order address and our inventory, Thank you for your cooperation.
Contact us:
Any Questions, Just feel free to contact us on eBay. We will reply you in 24 hours.
◆
About Us:
""Hope of Endless Caring, Are Starting Around you.""
With this state of mind set and done all in our team, we had our brand HECASA. HACASA allows our dreams come true to combine green lifestyle with YOLO.
""We got hot sauce in our bags."" Only the company that has the real nerve dare to say it and we did all this just because we can’t stand of seeing customers couldn’t find the right place to replace their auto parts.
We believe in ourselves that we always make the best auto parts because we have the most professional engineers with us ever since 2011.
It was never easy to speak out loud that we have the confidence to satisfy every customers of ours but we just did. And we can not make it all happen without our leader and our authentic team members who are capable of creating and selling. We devoted most of our times to try to consider things on behalf of our customers we are not just saying but also putting our feet on the ground.
All of our products manufactured under tough inspection and our craftsmanship worth more than everything.
You will always find the real stuffs you need here in HECASA.
On Apr 2, 2024 at 00:40:01 PDT, seller added the following information:
On Jun 27, 2024 at 01:11:51 PDT, seller added the following information:
On Dec 3, 2024 at 05:42:49 PST, seller added the following information:",https://www.ebay.com/itm/115824562600,https://i.ebayimg.com/images/g/SdcAAOSwiWNkfUCU/s-l500.jpg,https://i.ebayimg.com/images/g/re0AAOSw26NkepJk/s-l500.jpg,https://i.ebayimg.com/images/g/AAsAAOSwgydkepJl/s-l500.jpg,https://i.ebayimg.com/images/g/Zo4AAOSwIGBkepJl/s-l500.jpg,https://i.ebayimg.com/images/g/lW0AAOSwmehmcPog/s-l500.jpg,https://i.ebayimg.com/images/g/o1YAAOSwLRpmcPog/s-l500.jpg,https://i.ebayimg.com/images/g/Jv8AAOSwKN5mcPog/s-l500.jpg,https://i.ebayimg.com/images/g/D9kAAOSwEjlmcPog/s-l500.jpg,https://i.ebayimg.com/images/g/haIAAOSwIw5kepJl/s-l500.jpg,https://i.ebayimg.com/images/g/nXQAAOSwGK1kepJm/s-l500.jpg,https://i.ebayimg.com/images/g/j1oAAOSwzX1kepJm/s-l500.jpg,https://i.ebayimg.com/images/g/SC4AAOSwhotkepJl/s-l500.jpg
386509264474,For Hummer H3 H3T 06-10 Smoked Lens LED Front Bumper Signal Lights Lamps Pair,Last one,True,US $86.00,False,See compatible vehicles,"eBay
Fit For Chevrolet&GMC
Interior Parts
Exterior Parts
Grille
Bumper
Lighting & Lamps
Others
Fit For Ford
Interior Parts
Exterior Parts
Grille
Bumper
Lighting & Lamps
Others
Fit For Dodge
Interior Parts
Exterior Parts
Grille
Bumper
Lighting & Lamps
Others
Fit For Honda
Interior Parts
Exterior Parts
Grille
Bumper
Lighting & Lamps
Others
Fit For Toyota
Interior Parts
Exterior Parts
Grille
Bumper
Lighting & Lamps
Others
Motorcycle Parts
Luggage
Seats
Body & Frame
Others
Fit For Jeep
Interior Parts
Exterior Parts
Grille
Bumper
Lighting & Lamps
Others
Fit For John Deere
Fit For Nissan
Electric Bike
Universal
Other types of cars
Interior Parts
Exterior Parts
Grille
Bumper
Lighting & Lamps
ATV&UTV Parts
Body & Frame
Golf Cart Parts
Others
Other
For Hummer H3 H3T 06-10 Smoked Lens LED Front Bumper Signal Lights Lamps Pair
Fitment
For Hummer H3 2006-2010
For Hummer H3T 2009-2010
Interchange Part Number:
for HU2530100, HU2531100, 15139187, 15139188
Specification
Condition: 100% Brand New
Type: Park Turn Signal Light
Material: Plastic
Lens Color: Smoke/Tinted
Housing Color: Chrome (Crystal)
Light Color: Orange
Lighting Technology: LED
Installation method: Screw-On
Placement on Vehicle: Front, Left Driver Side, Right Passenger Side
Installation Instruction Included: Yes
Features
Direct replacement for old lights, seamless integration.
Simple plug-and-play installation without modifications or special tools.
Provide enhanced visibility, allowing other drivers to see your vehicle's movements clearly and easily.
Made of high-quality materials, it is durable and long-lasting, ensuring reliable performance and a long lifespan.
Give your vehicle a stylish and customized look, making it stand out on the road.
Package Include
1 x Front Left Driver Side Turn Signal Light
1 x Front Right Passenger Side Turn Signal Light
Installation Instruction Included
Shipping
All items will be shipped out in 1 business day, no expedited service available.
(USA only, Does NOT include Hawaii, Alaska or Puerto Rico, PO Boxes/APO's)
Contact us
Any Questions, Just feel free to contact us on eBay. We will reply you in 1 business day.
◆
About Us:
""Hope of Endless Caring, Are Starting Around you.""
With this state of mind set and done all in our team, we had our brand HECASA. HACASA allows our dreams come true to combine green lifestyle with YOLO.
""We got hot sauce in our bags."" Only the company that has the real nerve dare to say it and we did all this just because we can’t stand of seeing customers couldn’t find the right place to replace their auto parts.
We believe in ourselves that we always make the best auto parts because we have the most professional engineers with us ever since 2011.
It was never easy to speak out loud that we have the confidence to satisfy every customers of ours but we just did. And we can not make it all happen without our leader and our authentic team members who are capable of creating and selling. We devoted most of our times to try to consider things on behalf of our customers we are not just saying but also putting our feet on the ground.
All of our products manufactured under tough inspection and our craftsmanship worth more than everything.
You will always find the real stuffs you need here in HECASA.
On Apr 1, 2024 at 09:34:10 PDT, seller added the following information:",https://www.ebay.com/itm/115831662870,https://i.ebayimg.com/images/g/7vQAAOSwS7dmCnmC/s-l500.jpg,https://i.ebayimg.com/images/g/CMsAAOSwHcJkbvw~/s-l500.jpg,https://i.ebayimg.com/images/g/n6cAAOSwR5hkbxEd/s-l500.jpg,https://i.ebayimg.com/images/g/~ZkAAOSw1AtkbxEf/s-l500.jpg,https://i.ebayimg.com/images/g/COsAAOSwFapkbxEd/s-l500.jpg,https://i.ebayimg.com/images/g/M-4AAOSwClJkbxEd/s-l500.jpg,https://i.ebayimg.com/images/g/7aoAAOSwNAlkbxEd/s-l500.jpg,https://i.ebayimg.com/images/g/xS8AAOSwWVxkbxEc/s-l500.jpg,https://i.ebayimg.com/images/g/64EAAOSwPfhkbxEd/s-l500.jpg,https://i.ebayimg.com/images/g/p60AAOSwFh9kbxEe/s-l500.jpg,https://i.ebayimg.com/images/g/hQIAAOSwfJRkbxEg/s-l500.jpg,https://i.ebayimg.com/images/g/TvkAAOSw2MpkbxEh/s-l500.jpg
386426932859,For Chevrolet Corvette 2005-2013 Halogen Fog Lights Driver & Passenger Side,2 available,False,US $125.00,False,See compatible vehicles,"eBay
Fit For Chevrolet&GMC
Interior Parts
Exterior Parts
Grille
Bumper
Lighting & Lamps
Others
Fit For Ford
Interior Parts
Exterior Parts
Grille
Bumper
Lighting & Lamps
Others
Fit For Dodge
Interior Parts
Exterior Parts
Grille
Bumper
Lighting & Lamps
Others
Fit For Honda
Interior Parts
Exterior Parts
Grille
Bumper
Lighting & Lamps
Others
Fit For Toyota
Interior Parts
Exterior Parts
Grille
Bumper
Lighting & Lamps
Others
Motorcycle Parts
Luggage
Seats
Body & Frame
Others
Fit For Jeep
Interior Parts
Exterior Parts
Grille
Bumper
Lighting & Lamps
Others
Fit For John Deere
Fit For Nissan
Electric Bike
Universal
Other types of cars
Interior Parts
Exterior Parts
Grille
Bumper
Lighting & Lamps
ATV&UTV Parts
Body & Frame
Golf Cart Parts
Others
Other
For Chevrolet Corvette 2005-2013 Halogen Fog Lights Driver & Passenger Side
Specification:
Condition: 100% Brand New
Color: Clear Lens
Material: Plastic
Placement on Vehicle: Left, Right, Front
Features：
Made of high-quality plastic, which can be waterproof and dustproof without being affected by bad weather. It can also withstand high temperatures.
Our fog lights can be used as auxiliary lights during night time driving to provide extra illumination on dark roads or poorly lit areas. This enhances the driver's visibility, reducing the risks of accidents.
Fitment:
For Chevrolet Corvette Base 2005-2013
For Chevrolet Corvette Z06 2006-2013
For Chevrolet Corvette 427 Limited Edition Z06 2008
For Chevrolet Corvette ZR1 2009-2013
For Chevrolet Corvette Grand Sport 2010-2013
For Chevrolet Corvette Z06 Carbon 2011
For Chevrolet Corvette 427 2013
Package Includes:
1 Pair of Fog Lights (Left+Right) w/Bulbs
Shipping:
All items will be shipped out in 1 business day, no expedited service available.
We ship our items to USA only (Does NOT include Hawaii, Alaska or Puerto Rico, PO Boxes/APO's).
Shipping Notes:
We use multiple warehouses and will select the nearest warehouse for delivery according to your order address and our inventory, Thank you for your cooperation.
Contact us:
Any Questions, Just feel free to contact us on eBay. We will reply you in 24 hours.
◆
About Us:
""Hope of Endless Caring, Are Starting Around you.""
With this state of mind set and done all in our team, we had our brand HECASA. HACASA allows our dreams come true to combine green lifestyle with YOLO.
""We got hot sauce in our bags."" Only the company that has the real nerve dare to say it and we did all this just because we can’t stand of seeing customers couldn’t find the right place to replace their auto parts.
We believe in ourselves that we always make the best auto parts because we have the most professional engineers with us ever since 2011.
It was never easy to speak out loud that we have the confidence to satisfy every customers of ours but we just did. And we can not make it all happen without our leader and our authentic team members who are capable of creating and selling. We devoted most of our times to try to consider things on behalf of our customers we are not just saying but also putting our feet on the ground.
All of our products manufactured under tough inspection and our craftsmanship worth more than everything.
You will always find the real stuffs you need here in HECASA.
On Oct 13, 2023 at 19:05:08 PDT, seller added the following information:",https://www.ebay.com/itm/115833194899,https://i.ebayimg.com/images/g/DDMAAOSwh59kimfC/s-l500.jpg,https://i.ebayimg.com/images/g/d~MAAOSwFh9kh9jF/s-l500.jpg,https://i.ebayimg.com/images/g/3lwAAOSwog1kh9eN/s-l500.jpg,https://i.ebayimg.com/images/g/87UAAOSwtYtkh9eN/s-l500.jpg,https://i.ebayimg.com/images/g/w-kAAOSw8Thkh9eM/s-l500.jpg,https://i.ebayimg.com/images/g/Y9wAAOSwbSJkh9eM/s-l500.jpg,https://i.ebayimg.com/images/g/YA4AAOSwJUNkh9eM/s-l500.jpg,https://i.ebayimg.com/images/g/9UkAAOSwyv9kh9eN/s-l500.jpg,https://i.ebayimg.com/images/g/issAAOSwq5Rkh9eM/s-l500.jpg,https://i.ebayimg.com/images/g/mNkAAOSwi3lkh9eO/s-l500.jpg,https://i.ebayimg.com/images/g/~RMAAOSwZXxkh9eK/s-l500.jpg,https://i.ebayimg.com/images/g/JF0AAOSwVtZkh9eK/s-l500.jpg
386450960776,For Polaris Ranger 900 100 XP 13-18 Passenger Seat Bottom Cushion #2684965-070,More than 10 available,False,US $107.00,False,Free,"eBay
Fit For Chevrolet&GMC
Interior Parts
Exterior Parts
Grille
Bumper
Lighting & Lamps
Others
Fit For Ford
Interior Parts
Exterior Parts
Grille
Bumper
Lighting & Lamps
Others
Fit For Dodge
Interior Parts
Exterior Parts
Grille
Bumper
Lighting & Lamps
Others
Fit For Honda
Interior Parts
Exterior Parts
Grille
Bumper
Lighting & Lamps
Others
Fit For Toyota
Interior Parts
Exterior Parts
Grille
Bumper
Lighting & Lamps
Others
Motorcycle Parts
Luggage
Seats
Body & Frame
Others
Fit For Jeep
Interior Parts
Exterior Parts
Grille
Bumper
Lighting & Lamps
Others
Fit For John Deere
Fit For Nissan
Electric Bike
Universal
Other types of cars
Interior Parts
Exterior Parts
Grille
Bumper
Lighting & Lamps
ATV&UTV Parts
Body & Frame
Golf Cart Parts
Others
Other
HECASA For Polaris Ranger 900 XP/570/1000 13-18 Passenger Seat Bottom Cushion
FIT :
For Polaris Models:
Ranger 1000 Diesel 2016-2018
Ranger 1000 Diesel Crew 2015-2018
Ranger 1000 Diesel Crew MD 2018
Ranger XP 1000 All Options 2017
Ranger XP 1000 PS Crew 2019
Ranger 570 FULL SIZE 2014-2015
Ranger Crew 900 All Options 2014
Ranger XP 900 All Options 2013-2018
Ranger Crew 900 All Options 2015-2016
Ranger EV 2016-2018
Ranger HST 2015-2017
Ranger XP 900 All Options 2014
Specification:
Condition: 100% Brand New
Color: Black
Material: Plastic, Sponge
Type: Seat Bottom Cushion
Installation Method: Screw-on
Features：
The Seat Cushion is designed with comfortable padding materials to provide excellent seating support and cushioning, enhancing rider comfort.
Seat Cushions are typically constructed with durable and abrasion-resistant materials that can withstand extended use and various environmental conditions.
They exhibit excellent durability, resisting deformation or damage.
Given the outdoor usage of your car, Seat Cushions often feature waterproof properties, effectively repelling moisture.
Additionally, they are easy to clean, allowing for simple wiping with water and cleaning agents.
Package Includes:
1 X Seat Bottom Cushion (Passenger Side)
Mounting hardware Included
Shipping:
All items will be shipped out in 1 business day, no expedited service available.
We ship our items to USA only(Does NOT include Hawaii, Alaska or Puerto Rico, PO Boxes/APO's).
Shipping Notes:
We use multiple warehouses and will select the nearest warehouse for delivery  according to your order address and our inventory, Thank you for your cooperation.
Contact us:
Any Questions, Just feel free to contact us on eBay. We will reply you in 24 hours.
◆
About Us:
""Hope of Endless Caring, Are Starting Around you.""
With this state of mind set and done all in our team, we had our brand HECASA. HACASA allows our dreams come true to combine green lifestyle with YOLO.
""We got hot sauce in our bags."" Only the company that has the real nerve dare to say it and we did all this just because we can’t stand of seeing customers couldn’t find the right place to replace their auto parts.
We believe in ourselves that we always make the best auto parts because we have the most professional engineers with us ever since 2011.
It was never easy to speak out loud that we have the confidence to satisfy every customers of ours but we just did. And we can not make it all happen without our leader and our authentic team members who are capable of creating and selling. We devoted most of our times to try to consider things on behalf of our customers we are not just saying but also putting our feet on the ground.
All of our products manufactured under tough inspection and our craftsmanship worth more than everything.
You will always find the real stuffs you need here in HECASA.
On Jun 15, 2023 at 19:39:14 PDT, seller added the following information:
On Jul 22, 2023 at 02:41:12 PDT, seller added the following information:
On Jan 3, 2024 at 02:28:19 PST, seller added the following information:
On Dec 23, 2024 at 18:44:15 PST, seller added the following information:",https://www.ebay.com/itm/115834017166,https://i.ebayimg.com/images/g/OSMAAOSwGfpki8lT/s-l500.png,https://i.ebayimg.com/images/g/WDYAAOSwRFpkiSCl/s-l500.jpg,https://i.ebayimg.com/images/g/8JYAAOSwrSBkiSCm/s-l500.jpg,https://i.ebayimg.com/images/g/PyoAAOSw2MFkiSCl/s-l500.jpg,https://i.ebayimg.com/images/g/ra8AAOSw3wlkiSCk/s-l500.jpg,https://i.ebayimg.com/images/g/CUUAAOSwX7xkiSCk/s-l500.jpg,https://i.ebayimg.com/images/g/PjUAAOSwfiFkiSCl/s-l500.jpg,https://i.ebayimg.com/images/g/zVcAAOSwzm1kiSCk/s-l500.jpg,https://i.ebayimg.com/images/g/lxoAAOSwhA9kiSCj/s-l500.jpg,https://i.ebayimg.com/images/g/7bkAAOSwyLtkiSCj/s-l500.jpg,https://i.ebayimg.com/images/g/o7wAAOSw~2JkiSCk/s-l500.jpg,https://i.ebayimg.com/images/g/TZ0AAOSwGs9kiSCl/s-l500.jpg
386564475517,NA,Item not found,NA,NA,https://www.ebay.com/itm/115834164620
386304860769,Front Upper & Lower JDM Mesh Grill Grille For 2005 2006 2007 2008-2010 Scion TC,5 available,False,US $25.60/ea,False,See compatible vehicles,"eBay
Fit For Chevrolet&GMC
Interior Parts
Exterior Parts
Grille
Bumper
Lighting & Lamps
Others
Fit For Ford
Interior Parts
Exterior Parts
Grille
Bumper
Lighting & Lamps
Others
Fit For Dodge
Interior Parts
Exterior Parts
Grille
Bumper
Lighting & Lamps
Others
Fit For Honda
Interior Parts
Exterior Parts
Grille
Bumper
Lighting & Lamps
Others
Fit For Toyota
Interior Parts
Exterior Parts
Grille
Bumper
Lighting & Lamps
Others
Motorcycle Parts
Luggage
Seats
Body & Frame
Others
Fit For Jeep
Interior Parts
Exterior Parts
Grille
Bumper
Lighting & Lamps
Others
Fit For John Deere
Fit For Nissan
Electric Bike
Universal
Other types of cars
Interior Parts
Exterior Parts
Grille
Bumper
Lighting & Lamps
ATV&UTV Parts
Body & Frame
Golf Cart Parts
Others
Other
HECASA For Scion tC 05 06 07 08-10 Front Upper Lower Honeycomb Grille Mesh Grill
FIT FOR:
2005-2010 Scion tC
Color:
Black
Specification:
Condition: 100% Brand New
Material: Plastic (ABS)
Number of packages:1
Package Includes:
1 x Upper Mesh Grille
1 x Lower Mesh Grille
AS PICS SHOWN
Shipping:
All items will be shipped out in 1 business day, no expedited service available. We ship our items to USA only(Does NOT include Hawaii, Alaska or Puerto Rico, PO Boxes/APO's).
Contact us:
Any Questions, Just feel free to contact us on eBay. We will reply you in 24 hours.
◆
About Us:
""Hope of Endless Caring, Are Starting Around you.""
With this state of mind set and done all in our team, we had our brand HECASA. HACASA allows our dreams come true to combine green lifestyle with YOLO.
""We got hot sauce in our bags."" Only the company that has the real nerve dare to say it and we did all this just because we can’t stand of seeing customers couldn’t find the right place to replace their auto parts.
We believe in ourselves that we always make the best auto parts because we have the most professional engineers with us ever since 2011.
It was never easy to speak out loud that we have the confidence to satisfy every customers of ours but we just did. And we can not make it all happen without our leader and our authentic team members who are capable of creating and selling. We devoted most of our times to try to consider things on behalf of our customers we are not just saying but also putting our feet on the ground.
All of our products manufactured under tough inspection and our craftsmanship worth more than everything.
You will always find the real stuffs you need here in HECASA.
On May 6, 2023 at 01:49:45 PDT, seller added the following information:
On Jun 16, 2023 at 18:31:03 PDT, seller added the following information:",https://www.ebay.com/itm/115834946053,https://i.ebayimg.com/images/g/yGcAAOSw0OhjV6GG/s-l500.jpg,https://i.ebayimg.com/images/g/-KwAAOSwqMhilwGe/s-l500.jpg,https://i.ebayimg.com/images/g/1V4AAOSwdMVjV6GF/s-l500.jpg,https://i.ebayimg.com/images/g/VMEAAOSwMVFilwGf/s-l500.jpg,https://i.ebayimg.com/images/g/Wo8AAOSwqPxilwGf/s-l500.jpg,https://i.ebayimg.com/images/g/xWYAAOSwGCZilwGe/s-l500.jpg,https://i.ebayimg.com/images/g/3vIAAOSwWNJj9Gs6/s-l500.jpg,https://i.ebayimg.com/images/g/86QAAOSwRfdilwGi/s-l500.jpg,https://i.ebayimg.com/images/g/z-UAAOSwPdJilwGg/s-l500.jpg,https://i.ebayimg.com/images/g/yFIAAOSw2flilwGg/s-l500.jpg,,
386517318731,HECASA Front Grille Chrome ABS For GMC Sierra 2500HD 3500HD 2015-2019,3 available,False,US $220.50,False,See compatible vehicles,"eBay
Fit For Chevrolet&GMC
Interior Parts
Exterior Parts
Grille
Bumper
Lighting & Lamps
Others
Fit For Ford
Interior Parts
Exterior Parts
Grille
Bumper
Lighting & Lamps
Others
Fit For Dodge
Interior Parts
Exterior Parts
Grille
Bumper
Lighting & Lamps
Others
Fit For Honda
Interior Parts
Exterior Parts
Grille
Bumper
Lighting & Lamps
Others
Fit For Toyota
Interior Parts
Exterior Parts
Grille
Bumper
Lighting & Lamps
Others
Motorcycle Parts
Luggage
Seats
Body & Frame
Others
Fit For Jeep
Interior Parts
Exterior Parts
Grille
Bumper
Lighting & Lamps
Others
Fit For John Deere
Fit For Nissan
Electric Bike
Universal
Other types of cars
Interior Parts
Exterior Parts
Grille
Bumper
Lighting & Lamps
ATV&UTV Parts
Body & Frame
Golf Cart Parts
Others
Other
HECASA Front Grille Chrome ABS For GMC Sierra 2500HD 3500HD 2015-2019
FIT :
For GMC Sierra 2500HD 3500HD 2015-2019
Specification
:
Condition: 100% Brand New
Color: Silvery+Black
Material:  Plastic（ABS)
Surface Finish: Chrome
Type: Grille
Placement on Vehicle: Front
Installation Method: Screw-On,Snap-On
Features：
The grille can protect the engine and other components in the vehicle's front end from debris, such as rocks or insects.
It helps ensure sufficient airflow into the engine compartment for cooling and ventilation, which can prevent overheating or other engine damage.
The grille can affect the aerodynamic performance of the vehicle, reducing drag and enhancing fuel efficiency.
Package Includes
:
1 X Front Grille W/ Snap
Shipping:
All items will be shipped out in 1 business day, no expedited service available.
We ship our items to USA only(Does NOT include Hawaii, Alaska or Puerto Rico, PO Boxes/APO's).
Shipping Notes:
We use multiple warehouses and will select the nearest warehouse for delivery  according to your order address and our inventory, Thank you for your cooperation.
Contact us:
Any Questions, Just feel free to contact us on eBay. We will reply you in 24 hours.
◆
About Us:
""Hope of Endless Caring, Are Starting Around you.""
With this state of mind set and done all in our team, we had our brand HECASA. HACASA allows our dreams come true to combine green lifestyle with YOLO.
""We got hot sauce in our bags."" Only the company that has the real nerve dare to say it and we did all this just because we can’t stand of seeing customers couldn’t find the right place to replace their auto parts.
We believe in ourselves that we always make the best auto parts because we have the most professional engineers with us ever since 2011.
It was never easy to speak out loud that we have the confidence to satisfy every customers of ours but we just did. And we can not make it all happen without our leader and our authentic team members who are capable of creating and selling. We devoted most of our times to try to consider things on behalf of our customers we are not just saying but also putting our feet on the ground.
All of our products manufactured under tough inspection and our craftsmanship worth more than everything.
You will always find the real stuffs you need here in HECASA.
On Jun 16, 2023 at 19:37:07 PDT, seller added the following information:
On Sep 27, 2023 at 20:22:17 PDT, seller added the following information:",https://www.ebay.com/itm/115835010487,https://i.ebayimg.com/images/g/doYAAOSwke9nffGn/s-l500.jpg,https://i.ebayimg.com/images/g/4uIAAOSwkj9nffGn/s-l500.jpg,https://i.ebayimg.com/images/g/1IAAAOSwLHZnffGn/s-l500.jpg,https://i.ebayimg.com/images/g/gf8AAOSwj8NlFOj6/s-l500.jpg,https://i.ebayimg.com/images/g/UaoAAOSwQYNnffGn/s-l500.jpg,https://i.ebayimg.com/images/g/kqUAAOSw5G9nffGn/s-l500.jpg,https://i.ebayimg.com/images/g/r~IAAOSwqClnffGn/s-l500.jpg,https://i.ebayimg.com/images/g/VVYAAOSwbnVnffGq/s-l500.jpg,https://i.ebayimg.com/images/g/n0UAAOSwwAhnffGn/s-l500.jpg,https://i.ebayimg.com/images/g/3GkAAOSwmRdnffGr/s-l500.jpg,https://i.ebayimg.com/images/g/tfYAAOSwcztnffGn/s-l500.jpg,https://i.ebayimg.com/images/g/NdMAAOSwUYhkioDS/s-l500.jpg
386426657766,HECASA For GMC Sierra 2500 HD / 3500 HD 2011-2013 2014 Front Bumper Upper Grille,More than 10 available,False,US $173.00,False,See compatible vehicles,"eBay
Fit For Chevrolet&GMC
Interior Parts
Exterior Parts
Grille
Bumper
Lighting & Lamps
Others
Fit For Ford
Interior Parts
Exterior Parts
Grille
Bumper
Lighting & Lamps
Others
Fit For Dodge
Interior Parts
Exterior Parts
Grille
Bumper
Lighting & Lamps
Others
Fit For Honda
Interior Parts
Exterior Parts
Grille
Bumper
Lighting & Lamps
Others
Fit For Toyota
Interior Parts
Exterior Parts
Grille
Bumper
Lighting & Lamps
Others
Motorcycle Parts
Luggage
Seats
Body & Frame
Others
Fit For Jeep
Interior Parts
Exterior Parts
Grille
Bumper
Lighting & Lamps
Others
Fit For John Deere
Fit For Nissan
Electric Bike
Universal
Other types of cars
Interior Parts
Exterior Parts
Grille
Bumper
Lighting & Lamps
ATV&UTV Parts
Body & Frame
Golf Cart Parts
Others
Other
HECASA For GMC Sierra 2500 HD / 3500 HD 2011-2013 2014 Front Bumper Upper Grille
Fits
For GMC Sierra 2500 HD 2011-2014
For GMC Sierra 3500 HD 2011-2014
Interchange Part Number:
for 20966057, 2096-6057
Specification
Condition: 100% Brand New
Type: Grille
Material: Plastic
Color: Silvery
Finish: Chrome
Installation method: Snap-On
Placement on Vehicle: Front, Upper
Sleek and stylish design.
Easy direct fit installation.
Feature
Come in premium chrome finish.
Easy installation, perfect fit.
Ready to restore style and protection to your vehicle’s front end.
Allows airflow to cool down the radiator and engine easily.
Prevents outside objects from damaging the internal parts of the vehicle while driving.
Dramatically improves the sporty appearance.
Package Include
1 x Front Upper Grille
Shipping
All items will be shipped out in 1 business day, no expedited service available.
(USA only, Does NOT include Hawaii, Alaska or Puerto Rico, PO Boxes/APO's)
Contact us
Any Questions, Just feel free to contact us on eBay. We will reply you in 1 business day.
◆
About Us:
""Hope of Endless Caring, Are Starting Around you.""
With this state of mind set and done all in our team, we had our brand HECASA. HACASA allows our dreams come true to combine green lifestyle with YOLO.
""We got hot sauce in our bags."" Only the company that has the real nerve dare to say it and we did all this just because we can’t stand of seeing customers couldn’t find the right place to replace their auto parts.
We believe in ourselves that we always make the best auto parts because we have the most professional engineers with us ever since 2011.
It was never easy to speak out loud that we have the confidence to satisfy every customers of ours but we just did. And we can not make it all happen without our leader and our authentic team members who are capable of creating and selling. We devoted most of our times to try to consider things on behalf of our customers we are not just saying but also putting our feet on the ground.
All of our products manufactured under tough inspection and our craftsmanship worth more than everything.
You will always find the real stuffs you need here in HECASA.
On Jun 20, 2023 at 20:31:08 PDT, seller added the following information:
On Nov 20, 2023 at 00:26:43 PST, seller added the following information:",https://www.ebay.com/itm/115835174413,https://i.ebayimg.com/images/g/vzMAAOSw465nfzlC/s-l500.jpg,https://i.ebayimg.com/images/g/u1QAAOSwg-dnfzk~/s-l500.jpg,https://i.ebayimg.com/images/g/4S8AAOSwQnFnfzk~/s-l500.jpg,https://i.ebayimg.com/images/g/2GYAAOSwTzVnfzk~/s-l500.jpg,https://i.ebayimg.com/images/g/z3sAAOSwexlnfzk~/s-l500.jpg,https://i.ebayimg.com/images/g/4rIAAOSwX~ZnfzlA/s-l500.jpg,https://i.ebayimg.com/images/g/SQoAAOSwqPlnfzlA/s-l500.jpg,https://i.ebayimg.com/images/g/2hoAAOSwtxdnfzk~/s-l500.jpg,https://i.ebayimg.com/images/g/n8AAAOSwNDFnfzk~/s-l500.jpg,https://i.ebayimg.com/images/g/eqMAAOSwspBkioXl/s-l500.jpg,https://i.ebayimg.com/images/g/lKUAAOSwANZnfzk~/s-l500.jpg,https://i.ebayimg.com/images/g/0yUAAOSwOI9kioXk/s-l500.jpg
386564577162,Rocker Panel & Cab Corner For 1997-2004 Dodge Dakota 2 dr Extended Cab/ Club Cab,More than 10 available,False,US $190.50/ea,False,See compatible vehicles,"eBay
Fit For Chevrolet&GMC
Interior Parts
Exterior Parts
Grille
Bumper
Lighting & Lamps
Others
Fit For Ford
Interior Parts
Exterior Parts
Grille
Bumper
Lighting & Lamps
Others
Fit For Dodge
Interior Parts
Exterior Parts
Grille
Bumper
Lighting & Lamps
Others
Fit For Honda
Interior Parts
Exterior Parts
Grille
Bumper
Lighting & Lamps
Others
Fit For Toyota
Interior Parts
Exterior Parts
Grille
Bumper
Lighting & Lamps
Others
Motorcycle Parts
Luggage
Seats
Body & Frame
Others
Fit For Jeep
Interior Parts
Exterior Parts
Grille
Bumper
Lighting & Lamps
Others
Fit For John Deere
Fit For Nissan
Electric Bike
Universal
Other types of cars
Interior Parts
Exterior Parts
Grille
Bumper
Lighting & Lamps
ATV&UTV Parts
Body & Frame
Golf Cart Parts
Others
Other
Application:
For 1997-2004 dodge dakota 2 door Extended Cab/Club Cab
Does not fit standard cab
Color:
B
lack
Specification:
Condition: 100% Brand New
Material: Steel
Surface Finish:Electrophoresis
Replace for:1586-117 1586-118 1586-101
1586-102
Package Includes:
1 set of Rocker Panels
1 set of Cab Corners
Shipping:
All items will be shipped out in 1 business day, no expedited service available. We ship our items to USA only(Does NOT include Hawaii, Alaska or Puerto Rico, PO Boxes/APO's).
Contact us:
Any Questions, Just feel free to contact us on eBay. We will reply you in 24 hours.
◆
About Us:
""Hope of Endless Caring, Are Starting Around you.""
With this state of mind set and done all in our team, we had our brand HECASA. HACASA allows our dreams come true to combine green lifestyle with YOLO.
""We got hot sauce in our bags."" Only the company that has the real nerve dare to say it and we did all this just because we can’t stand of seeing customers couldn’t find the right place to replace their auto parts.
We believe in ourselves that we always make the best auto parts because we have the most professional engineers with us ever since 2011.
It was never easy to speak out loud that we have the confidence to satisfy every customers of ours but we just did. And we can not make it all happen without our leader and our authentic team members who are capable of creating and selling. We devoted most of our times to try to consider things on behalf of our customers we are not just saying but also putting our feet on the ground.
All of our products manufactured under tough inspection and our craftsmanship worth more than everything.
You will always find the real stuffs you need here in HECASA.
On Jun 19, 2023 at 02:21:18 PDT, seller added the following information:
On Dec 23, 2024 at 03:17:41 PST, seller added the following information:",https://www.ebay.com/itm/115836931642,https://i.ebayimg.com/images/g/nOQAAOSwQ-5ilbfX/s-l500.jpg,https://i.ebayimg.com/images/g/H0EAAOSwvfRkNj3W/s-l500.jpg,https://i.ebayimg.com/images/g/WK8AAOSwPI5kNj3W/s-l500.jpg,https://i.ebayimg.com/images/g/FdcAAOSwSlpkNj3X/s-l500.jpg,https://i.ebayimg.com/images/g/uiMAAOSwxXNkNj3X/s-l500.jpg,https://i.ebayimg.com/images/g/dg8AAOSwthJggmiI/s-l500.jpg,https://i.ebayimg.com/images/g/xEwAAOSwI15hl1s2/s-l500.jpg,https://i.ebayimg.com/images/g/9TsAAOSwqUFhl1s3/s-l500.jpg,https://i.ebayimg.com/images/g/4E0AAOSwk2Rhl1s3/s-l500.jpg,https://i.ebayimg.com/images/g/XMgAAOSwnXhhl1s4/s-l500.jpg,https://i.ebayimg.com/images/g/GrIAAOSwPxNggmiX/s-l500.jpg,https://i.ebayimg.com/images/g/M5AAAOSwrn5ijwFK/s-l500.jpg
386550013912,4PCS FOR CORVETTE C8 2020-2024 RADIATOR MESH GRILL GRILLE GUARDS COVERS BLACK,More than 10 available,False,US $26.99,False,See compatible vehicles,"eBay
Fit For Chevrolet&GMC
Interior Parts
Exterior Parts
Grille
Bumper
Lighting & Lamps
Others
Fit For Ford
Interior Parts
Exterior Parts
Grille
Bumper
Lighting & Lamps
Others
Fit For Dodge
Interior Parts
Exterior Parts
Grille
Bumper
Lighting & Lamps
Others
Fit For Honda
Interior Parts
Exterior Parts
Grille
Bumper
Lighting & Lamps
Others
Fit For Toyota
Interior Parts
Exterior Parts
Grille
Bumper
Lighting & Lamps
Others
Motorcycle Parts
Luggage
Seats
Body & Frame
Others
Fit For Jeep
Interior Parts
Exterior Parts
Grille
Bumper
Lighting & Lamps
Others
Fit For John Deere
Fit For Nissan
Electric Bike
Universal
Other types of cars
Interior Parts
Exterior Parts
Grille
Bumper
Lighting & Lamps
ATV&UTV Parts
Body & Frame
Golf Cart Parts
Others
Other
OUTER INNER MESH GRILL FOR CHEVROLET for CORVETTE C8 2020-2024 RADIATOR GRILLE#
FIT :
For Chevrolet Corvette C8
2020-2024
Specification
:
Condition: 100% Brand New
Color: Black
Material: Steel (not cheap, not ABS plastic)
Surface Finish: Electrophoresis
Type: Grille Mesh
Size: Pls see the pic for reference
Features：
These grills come in Electrophoresis Black Steel. Place one bid for one kit that includes the pre-cut mesh pieces, pre-trimmed frunk cut-out and mounting hardware. This is not a universal kit, our grills come pre-made and ready for installation!
With this pre-cut grill there is:
- No Cutting needed
- No Drilling needed
- No Bumper Removal needed
""Protect your investment"" with these, 2 pre-cut covers to protect your new radiators from road rocks and pebble damage. Right cover has the cut-out for the frunk release button.
Package Includes
:
4pcs grill inserts
Mounting hardware Included
Shipping:
All items will be shipped out in 1 business day, no expedited service available.
We ship our items to USA only(Does NOT include Hawaii, Alaska or Puerto Rico, PO Boxes/APO's).
Shipping Notes:
We use multiple warehouses and will select the nearest warehouse for delivery  according to your order address and our inventory, Thank you for your cooperation.
Contact us:
Any Questions, Just feel free to contact us on eBay. We will reply you in 24 hours.
◆
About Us:
""Hope of Endless Caring, Are Starting Around you.""
With this state of mind set and done all in our team, we had our brand HECASA. HACASA allows our dreams come true to combine green lifestyle with YOLO.
""We got hot sauce in our bags."" Only the company that has the real nerve dare to say it and we did all this just because we can’t stand of seeing customers couldn’t find the right place to replace their auto parts.
We believe in ourselves that we always make the best auto parts because we have the most professional engineers with us ever since 2011.
It was never easy to speak out loud that we have the confidence to satisfy every customers of ours but we just did. And we can not make it all happen without our leader and our authentic team members who are capable of creating and selling. We devoted most of our times to try to consider things on behalf of our customers we are not just saying but also putting our feet on the ground.
All of our products manufactured under tough inspection and our craftsmanship worth more than everything.
You will always find the real stuffs you need here in HECASA.
On Feb 29, 2024 at 21:53:57 PST, seller added the following information:",https://www.ebay.com/itm/115837036963,https://i.ebayimg.com/images/g/AioAAOSwsZpkfpxf/s-l500.jpg,https://i.ebayimg.com/images/g/MfsAAOSwIARkcGFq/s-l500.jpg,https://i.ebayimg.com/images/g/zqEAAOSwCb1kbXHz/s-l500.jpg,https://i.ebayimg.com/images/g/0w0AAOSw~zRkdA0-/s-l500.jpg,https://i.ebayimg.com/images/g/A0sAAOSwFapkdA0~/s-l500.jpg,https://i.ebayimg.com/images/g/ECcAAOSwNqJkdA0-/s-l500.jpg,https://i.ebayimg.com/images/g/PjgAAOSw55lkdA0~/s-l500.jpg,https://i.ebayimg.com/images/g/nrEAAOSwkpFkdA0-/s-l500.jpg,https://i.ebayimg.com/images/g/oMEAAOSwzcBkdA0~/s-l500.jpg,https://i.ebayimg.com/images/g/zpMAAOSwJeJkdA0~/s-l500.jpg,https://i.ebayimg.com/images/g/rp0AAOSwcmlkdA0~/s-l500.jpg,https://i.ebayimg.com/images/g/2wYAAOSwke9kdA0~/s-l500.jpg
386550258845,Fit For 98-02 Dodge Ram 1500 2500 3500 3Pcs A/C Air Heater Dash Bezel Vents,More than 10 available,False,US $7.63,False,See compatible vehicles,"eBay
Interior
Exterior
Grille
Bumper
Lighting & Lamps
Motorcycle Parts
ATV&UTV Parts
Universal
Other
Fit For 98-02 Dodge Ram 1500 2500 3500 3Pcs A/C Air Heater Dash Bezel Vents
Description
This is not  a cover  or overlay, is 3pcs Air Vents only.
The textured of this bezel is slightly different than OE style.
Feature
Condition: 100% Brand New
Color: Black
Material: Plastic
Surface Finish: Textured
Fits
For 1998-01 Dodge Ram 1500 Truck 2-1/2 Inch Lip
For 1998-02 Dodge Ram 2500 Truck 2-1/2 Inch Lip
For 1998-02 Dodge Ram 3500 Truck 2-1/2 Inch Lip
Package Include
3pcs Air Vents only
Shipping
All items will be shipped out in 1 business day, no expedited service available.
(USA only,Does NOT include Hawaii, Alaska or Puerto Rico, PO Boxes/APO's)
Contact us
Any Questions, Just feel free to contact us on eBay. We will reply you in 1 business day.
◆
About Us:
""Hope of Endless Caring, Are Starting Around you.""
With this state of mind set and done all in our team, we had our brand HECASA. HACASA allows our dreams come true to combine green lifestyle with YOLO.
""We got hot sauce in our bags."" Only the company that has the real nerve dare to say it and we did all this just because we can’t stand of seeing customers couldn’t find the right place to replace their auto parts.
We believe in ourselves that we always make the best auto parts because we have the most professional engineers with us ever since 2011.
It was never easy to speak out loud that we have the confidence to satisfy every customers of ours but we just did. And we can not make it all happen without our leader and our authentic team members who are capable of creating and selling. We devoted most of our times to try to consider things on behalf of our customers we are not just saying but also putting our feet on the ground.
All of our products manufactured under tough inspection and our craftsmanship worth more than everything.
You will always find the real stuffs you need here in HECASA.",https://www.ebay.com/itm/115837053254,https://i.ebayimg.com/images/g/BYgAAOSwrNhlgAjz/s-l500.jpg,https://i.ebayimg.com/images/g/E6YAAOSwLjtiPtD8/s-l500.jpg,https://i.ebayimg.com/images/g/IFcAAOSwsL1kr1iz/s-l500.jpg,https://i.ebayimg.com/images/g/4xsAAOSwlt1kr1i0/s-l500.jpg,https://i.ebayimg.com/images/g/VOoAAOSwAlFlgAjz/s-l500.jpg,https://i.ebayimg.com/images/g/VHUAAOSwIZBkgrfO/s-l500.jpg,https://i.ebayimg.com/images/g/xpsAAOSwR5hkgrfO/s-l500.jpg,https://i.ebayimg.com/images/g/VSgAAOSwUghkgrfN/s-l500.jpg,https://i.ebayimg.com/images/g/x3EAAOSwXTBkgrfN/s-l500.jpg,https://i.ebayimg.com/images/g/ZZIAAOSwAExkgrfO/s-l500.jpg,https://i.ebayimg.com/images/g/A6oAAOSwul1kgrfO/s-l500.jpg,https://i.ebayimg.com/images/g/AAUAAOSwck5kgrfO/s-l500.jpg
386522749944,Rocker Panels For 2002-2008 Dodge Ram 1500 2500 3500 4 Door Quad Club Cab,More than 10 available,False,US $92.99,False,See compatible vehicles,"eBay
Fit For Chevrolet&GMC
Interior Parts
Exterior Parts
Grille
Bumper
Lighting & Lamps
Others
Fit For Ford
Interior Parts
Exterior Parts
Grille
Bumper
Lighting & Lamps
Others
Fit For Dodge
Interior Parts
Exterior Parts
Grille
Bumper
Lighting & Lamps
Others
Fit For Honda
Interior Parts
Exterior Parts
Grille
Bumper
Lighting & Lamps
Others
Fit For Toyota
Interior Parts
Exterior Parts
Grille
Bumper
Lighting & Lamps
Others
Motorcycle Parts
Luggage
Seats
Body & Frame
Others
Fit For Jeep
Interior Parts
Exterior Parts
Grille
Bumper
Lighting & Lamps
Others
Fit For John Deere
Fit For Nissan
Electric Bike
Universal
Other types of cars
Interior Parts
Exterior Parts
Grille
Bumper
Lighting & Lamps
ATV&UTV Parts
Body & Frame
Golf Cart Parts
Others
Other
Rocker Panels For 2002-2008 Dodge Ram 1500 2500 3500 4 Door Quad Club Cab
Specification&Feature
Condition: 100% Brand New
Color: Silvery
Material: Steel
Surface finish: Zinc-Plated
Installation method: Welding
Placement on Vehicle: Outer, Left&Right
Fitment
For 2002-2008 Dodge Ram Truck 1500 2500 3500 4 Door Quad Club Cab ONLY
(quad cab = 4 full-size doors)
Package Included
1 x Pair Outer Rocker Panels
Shipping
All items will be shipped out in 1 business day,no expedited service available.
Contact us
Any Questions, Just feel free to contact us on eBay.We will reply you in 24 hours.
◆
About Us:
""Hope of Endless Caring, Are Starting Around you.""
With this state of mind set and done all in our team, we had our brand HECASA. HACASA allows our dreams come true to combine green lifestyle with YOLO.
""We got hot sauce in our bags."" Only the company that has the real nerve dare to say it and we did all this just because we can’t stand of seeing customers couldn’t find the right place to replace their auto parts.
We believe in ourselves that we always make the best auto parts because we have the most professional engineers with us ever since 2011.
It was never easy to speak out loud that we have the confidence to satisfy every customers of ours but we just did. And we can not make it all happen without our leader and our authentic team members who are capable of creating and selling. We devoted most of our times to try to consider things on behalf of our customers we are not just saying but also putting our feet on the ground.
All of our products manufactured under tough inspection and our craftsmanship worth more than everything.
You will always find the real stuffs you need here in HECASA.
On Jan 30, 2025 at 17:38:18 PST, seller added the following information:",https://www.ebay.com/itm/115837053352,https://i.ebayimg.com/images/g/D5oAAOSwwxxkI99z/s-l500.jpg,https://i.ebayimg.com/images/g/0GUAAOSwNT5kI990/s-l500.jpg,https://i.ebayimg.com/images/g/CaAAAOSweL9kI99z/s-l500.jpg,https://i.ebayimg.com/images/g/4vAAAOSwny9kI99z/s-l500.jpg,https://i.ebayimg.com/images/g/NBwAAOSwv45kI99z/s-l500.jpg,https://i.ebayimg.com/images/g/6gMAAOSwnatkI993/s-l500.jpg,https://i.ebayimg.com/images/g/uTYAAOSwuDhkI992/s-l500.jpg,https://i.ebayimg.com/images/g/pFQAAOSwz1xkI992/s-l500.jpg,https://i.ebayimg.com/images/g/1nEAAOSwEMhkI991/s-l500.jpg,https://i.ebayimg.com/images/g/GiUAAOSwVuJkI990/s-l500.jpg,https://i.ebayimg.com/images/g/HIwAAOSw1p5kI991/s-l500.jpg,https://i.ebayimg.com/images/g/fQYAAOSwZPxkI991/s-l500.jpg
